Company Name,Ticker,Optionable,Div. Yield %,Sector,Last Close,Relative Price Change,5 Yr. Hist. EPS Growth,% Change EPS (F(-1)/F(-2)),Sales Growth F(0)/F(-1),5 Yr Historical Sales Growth,ROA (5 Yr Avg),Current ROA (TTM),ROI (5 Yr Avg),Inventory Turnover,Asset Utilization,Net Margin %
"1800 FLOWERS.COM, Inc.","FLWS","YES","0","Retail-Wholesale","27.84",".93","24.02","145.74","19.3","6.58","6.0665","12.37","9.3676","9.40639","2.01929","5.6"
"AAR Corp.","AIR","YES","0","Aerospace","41.61","6.78","10.55","-87.87",".98","3.34","3.92079","2.17","5.6392","2.34719",".91834",".32"
"ABIOMED, Inc.","ABMD","YES","0","Medical","323.62","-8.66","45.56","-18.23","9.29","22.88","14.399","13.12","16.32299","1.7992",".62265","24.66"
"ACM Research, Inc.","ACMR","YES","0","Industrial Products","89","1.61","68.85","-.6","45.66","56.53","9.88389","8.56","16.90999","1.406",".56314","11.99"
"ANI Pharmaceuticals, Inc.","ANIP","YES","0","Medical","33.69","7.01","8.89","-470",".93","18.57","11.491","7.42","14.083","1.5463",".4456","-10.82"
"AVANOS MEDICAL, INC.","AVNS","YES","0","Medical","43.59","-11.99","-19.95","40.74","2.47","-21.23","3.69779","2.16","4.4777","2.00819",".40895","-3.81"
"AXT Inc","AXTI","YES","0","Computer and Technology","12.16","18.58","-9.39","224.54","14.54","2.33","2.5209","1.32","2.80749","1.31679",".38905","3.4"
"Abercrombie & Fitch Company","ANF","YES","0","Retail-Wholesale","35.17","56.71","21.17","-389.7","-13.74","-.49","1.05649","-1.37","1.049","2.69849",".94761","-3.65"
"Adecoagro S.A.","AGRO","YES","0","Consumer Staples","8.17","4.98","116.51","130.06","-7.82","2.48","2.3886","5.53","3.1229","1.94879",".34327",".03"
"Adient PLC","ADNT","YES","0","Auto-Tires-Trucks","43.12","14.81","-49.28","64.12","-23.33","-5.05","2.96889",".66","4.9312","16.385","1.22539","-1.83"
"AdvanSix Inc.","ASIX","YES","0","Basic Materials","27.62","28.09","-21.02","11.44","-10.75","-2.73","5.33379","3.65","9.003","5.88819",".91755","3.98"
"Advanced Micro Devices, Inc.","AMD","YES","0","Computer and Technology","81.44","-18.22","90.19","630.21","45.05","18.64","4.8754","18.4","8.4575","4.27209","1.37349","25.5"
"Aegion Corporation","AEGN","YES","0","Construction","28.47","39.16","-1.83","-52.5","-33.46","-2.66","3.39879","3.18","4.58339","12.64","1.0735","-3.14"
"AeroVironment, Inc.","AVAV","YES","0","Aerospace","117.41","28.93","40.12","1.95","16.87","10.21","5.77069","7.48","6.43319","4.8186",".6732","7.58"
"Air Transport Services Group, Inc","ATSG","YES","0","Transportation","30.7","-10.13","31.24","-47.53","8.15","20.22","4.0755","4.14","6.4084","3.63109",".53141","2.04"
"Alarm.com Holdings, Inc.","ALRM","YES","0","Industrial Products","87.72","-21.36","40.07","45.44","23.02","24.21","12.13","9.93","15.251","5.29739",".91","12.6"
"Alaska Air Group, Inc.","ALK","YES","0","Transportation","73.74","25.92","-9.71","-269.96","-59.39",".72","5.64379","-8.95","10.81999","34.13399",".254","-36.65"
"Alexion Pharmaceuticals, Inc.","ALXN","YES","0","Medical","153.41","-9.14","31.47","-74.9","21.61","18.05","11.01399","14.89","12.97099",".82946",".34437","9.94"
"Align Technology, Inc.","ALGN","YES","0","Medical","553.84","-5.56","63.92","301.08","2.71","25.56","25.03899","41.22","38.16299","5.50899",".57368","71.84"
"Allegheny Technologies Incorporated","ATI","YES","0","Basic Materials","22.34","23.41","758.28","-710.48","-27.66","3.79","1.118","-1.3","1.697","2.49149",".59417","-52.74"
"Allegiant Travel Company","ALGT","YES","0","Transportation","251.93","21.74","-10.98","-179.52","-46.22","1.69","7.80089","-4.57","11.463","31.207",".30588","-18.59"
"Alliance Resource Partners, L.P.","ARLP","YES","0","Oils-Energy","5.96","20.89","-37.76","-132.35","-32.3","-4.96","11.84799","1.22","16.77199","10.236",".58512","-9.73"
"Alpha Pro Tech, Ltd.","APT","YES","0","Industrial Products","9.88","-20.2","57.08","802.9","120.08","10.87","13.758","43.81","15.786","3.9386","1.6612","26.38"
"Alpha and Omega Semiconductor Limited","AOSL","YES","0","Computer and Technology","34.96","36.25","23.19","1497.28","3.1","9.04","2.6424","3.91","3.5218","2.91389",".66927","2.94"
"Alphabet Inc.","GOOG","YES","0","Computer and Technology","2224.75","17.01","20.71","17.26","12.77","20.06","13.21199","13.76","16.46999","103.74299",".62361","22.06"
"Alphabet Inc.","GOOGL","YES","0","Computer and Technology","2209.26","16.61","20.71","17.26","12.77","20.06","13.21199","13.76","16.46999","103.74299",".62361","22.06"
"Amazon.com, Inc.","AMZN","YES","0","Retail-Wholesale","3223.8201","-8.75","78.5","84.08","37.62","28.39","4.8842","7.88","12.20899","10.85299","1.42599","5.53"
"Amerco","UHAL","YES","0","Transportation","613.98","26.06","-4.62","105.75","5.58","5.07","3.44959","3.69","5.4119","27.34099",".30893","15.32"
"Ameresco, Inc.","AMRC","YES","0","Oils-Energy","49.79","-12.83","36.2","21.64","19.07","10.34","3.14159","3.73","5.7621","94.15699",".66512","5.24"
"American Airlines Group Inc.","AAL","YES","0","Transportation","24.06","41.52","-20.6","-626.99","-62.12","-6.64","2.54089","-15.35","4.95359","14.94799",".27974","-51.25"
"American Axle & Manufacturing Holdings, Inc.","AXL","YES","0","Auto-Tires-Trucks","9.81","8.89","-35.16","-15.88","-27.87","8.37","4.30819",".28","6.88129","11.862",".78187","-11.92"
"American Woodmark Corporation","AMWD","YES","0","Consumer Discretionary","100.29","-2.45","15.5","-17.79",".3","15.76","9.66959","6.63","12.902","10.564","1.00899","4.13"
"Americas CarMart, Inc.","CRMT","YES","0","Retail-Wholesale","150.06","27.01","47.08","23.39","11.28","7.98","7.16279","9.9","14.13799","7.56969","1.1828","8.37"
"Amphastar Pharmaceuticals, Inc.","AMPH","YES","0","Medical","17.63","-19","43.57","-97.13","8.53","8.03","3.12879","4.69","3.87019","1.97459",".57876",".4"
"Amtech Systems, Inc.","ASYS","YES","0","Computer and Technology","14.13","99.23","-46.92","-176.83","-23.02","-14.48",".92641","-1.87","1.7603","2.2074",".61173","-20.83"
"AngioDynamics, Inc.","ANGO","YES","0","Medical","24.06","41.62","-30.4","-442.09","-26.52","-5.85","2.8859","-.04","3.2911","2.4202",".46408","-61.71"
"Anika Therapeutics Inc.","ANIK","YES","0","Medical","41.05","-17.6","-20.35","-196.77","13.92","4.36","10.12199",".73","11.06499","1.3989",".32183","-20.17"
"Applied Optoelectronics, Inc.","AAOI","YES","0","Computer and Technology","8.47","-5.94","35.22","11.5","22.92","-6.28","4.7019","-6.78","5.75299","1.8128",".49129","-24.91"
"Aptiv PLC","APTV","YES","0","Business Services","144.28",".39","-18.83","82.22","-8.99","-5.58","10.60599","3.21","17.88599","8.72459",".79897","13.81"
"ArcelorMittal","MT","YES","0","Basic Materials","29.16","21.83","-9.27","70.13","-24.56","1.31","2.8736","-1.11","4.89799","3.60319",".65121","-1.38"
"Arista Networks, Inc.","ANET","YES","0","Computer and Technology","307.87","-1.22","36.82","-26.2","-3.87","23.12","16.95299","14.1","24.27899","2.2186",".52713","27.38"
"Arrow Electronics, Inc.","ARW","YES","0","Computer and Technology","114.76","8.48","3.03","386.37","-.84","4.78","4.3042","3.84","8.49689","7.6763","1.8049","2.04"
"Asbury Automotive Group, Inc.","ABG","YES","0","Retail-Wholesale","196.39","24.74","16.65","37.96","-1.09","2.11","6.23549","7.53","11.847","6.95109","2.15939","3.57"
"Astronics Corporation","ATRO","YES","0","Aerospace","18.43","28.87","-21.82","-322.58","-34.96",".68","4.9331","-2.93","6.2171","2.58069",".72687","-23.04"
"Asure Software Inc","ASUR","YES","0","Computer and Technology","7.92","3.91","-8.06","-154.37","-10.45","27.4","1.4945",".24","2.5011","55.40999",".17575","-24.9"
"At Home Group Inc.","HOME","YES","0","Retail-Wholesale","27.03","60.74","31.46","30.18","27.25","20.99","2.926","7.16","6.02339","3.18869",".71675","-8.62"
"Atkore Inc.","ATKR","YES","0","Industrial Products","72.58","65.62","37.16","37.91","-7.88","5.56","9.28069","13.16","12.25","5.82779","1.18799","11.08"
"Atlantic Power Corporation","AT","YES","0","Utilities","2.94","27.64","-4.23","269.58","-3.41","-11.14",".9007","5.14","1.2209","8.9986",".31826","28.49"
"AutoNation, Inc.","AN","YES","0","Retail-Wholesale","91.29","22.07","8.45","-15.2","-4.43","-.97","4.22949","6.4","9.8905","6.01359","2.06699","1.87"
"AutoZone, Inc.","AZO","YES","0","Retail-Wholesale","1431.85","10.01","16.03","15.48","6.48","4.55","14.63599","13.36","41.86","1.3681",".95551","13.98"
"Autoliv, Inc.","ALV","YES","0","Auto-Tires-Trucks","94.9","-4.57","-14.83","-59.5","-12.87","-6.89","6.69379","3.65","11.038","8.1545",".98842","2.51"
"Avid Technology, Inc.","AVID","YES","0","Computer and Technology","21.76","27.74","-23.75","45.57","-12.46","-7.27","8.5473","7.02","-1.58211","4.5102","1.2644","3.07"
"Axalta Coating Systems Ltd.","AXTA","YES","0","Basic Materials","30.38","-1.99","7.7","-51.16","-16.61","-.07","4.7957","4.62","6.21029","4.40479",".54857","3.25"
"Axcelis Technologies, Inc.","ACLS","YES","0","Computer and Technology","48.4","56","16.77","193.42","38.37","9.69","7.1363","7.81","9.66279","1.82169",".80216","10.53"
"Axon Enterprise, Inc","AXON","YES","0","Industrial Products","145.6","10","-21.27","-295.46","28.28","26.45","3.4144","-.4","5.96579","3.3556",".571","-.25"
"BJs Restaurants, Inc.","BJRI","YES","0","Retail-Wholesale","60.38","39.87","2.21","-227.96","-32.97",".11","4.32639","-4.64","6.65199","18.804",".71719","-7.44"
"Baozun Inc.","BZUN","YES","0","Computer and Technology","37.89","-1.46","60.04","56.41","29.76","26.56","5.73719","5.17","8.8758","3.65829","1.06029","4.87"
"Barnes & Noble Education, Inc","BNED","YES","0","Consumer Discretionary","8.38","63.42","10.63","-189.47","-9.02","-2.29","-3.8003","-6.61","-8.25431","2.4776","1.15079","-8.7"
"Bausch Health Cos Inc.","BHC","YES","0","Medical","31.24","39.58","-14.83","68.68","-6.67","-4.97","4.58129","4.53","6.17309","1.92719",".25477","-6.98"
"Beacon Roofing Supply, Inc.","BECN","YES","0","Retail-Wholesale","54.27","24.12","3.05","-739.04","-2.27","18.36","3.37459","3.36","4.34639","5.5018",".98917","-4.06"
"Beazer Homes USA, Inc.","BZH","YES","0","Construction","21.72","32.72","20.28","173.11","1.88","4.56","2.42479","3.27","2.72769","1.2113","1.03859","2.88"
"Bed Bath & Beyond Inc.","BBBY","YES","0","Retail-Wholesale","28.54","48.59","-35.79","71.92","-7.23","-3.89","5.15799","-1.65","8.29339","3.14159","1.2998","-2.32"
"Berry Global Group, Inc.","BERY","YES","0","Industrial Products","62.67","2.3","15.56","76.86","31.89","15.96","4.31199","4.33","5.53459","6.98299",".71223","5.34"
"BioRad Laboratories, Inc.","BIO","YES","0","Medical","587.55","-7.91","30.3","116.43","10.12","4.05","2.66109","2.9","3.42289","1.81019",".23261","149.52"
"Biogen Inc.","BIIB","YES","0","Medical","271.76","4.53","17.25","-32.06","-6.49","6.44","21.62999","21.07","28.486","1.8478",".53149","29.76"
"Bloomin Brands, Inc.","BLMN","YES","0","Retail-Wholesale","26.635","25.97","2.83","-221.55","-23.41","-4.16","4.1652","-1.64","7.9601","31.503",".91043","-5.01"
"Boot Barn Holdings, Inc.","BOOT","YES","0","Retail-Wholesale","66.01","33.66","27.93","-20.34","8.85","8.89","4.0932","4.46","6.74919","2.1293",".91864","4.93"
"Boston Scientific Corporation","BSX","YES","0","Medical","38.95",".02","4.84","-103.09","-7.66","6.55","8.50329","4.54","12.71399","2.32279",".32354","-1.46"
"Boyd Gaming Corporation","BYD","YES","0","Consumer Discretionary","62.93","32.86","16.73","-103.47","-34.5","5.93","2.193","-.25","2.5155","44.783",".31595","-.25"
"Brinker International, Inc.","EAT","YES","0","Retail-Wholesale","68.99","12.22","-10.34","-96.91","-4.33","-.7","9.98569","1.73","21.48299","96.357","1.21399",".15"
"BuildABear Workshop, Inc.","BBW","YES","0","Retail-Wholesale","7.57","58.55","-31.44","-9493.13","-24.59","-6.78",".41721","-5.83","-2.18261","3.0555",".95203","-9.64"
"Builders FirstSource, Inc.","BLDR","YES","0","Retail-Wholesale","48.05","7.4","39.61","41.35","17.56","7.78","5.9807","9.41","8.5935","9.0815","2.2067","3.66"
"Burlington Stores, Inc.","BURL","YES","0","Retail-Wholesale","305.49","5.68","17.45","-146.55","-20.89","3.78","8.3029","-2.5","20.79199","5.00489",".86349","-3.76"
"CAE Inc","CAE","YES","0","Aerospace","29.28","-3.71","1.39","-95.44","7.29","6.79","4.8097","2.41","7.7227","3.3069",".39164",".53"
"CECO Environmental Corp.","CECE","YES","0","Industrial Products","8.15","8.25","-9.78","-53.63","-7.56","-5.3","4.03359","4.62","6.2009","11.493",".74134","2.6"
"CGI Group, Inc.","GIB","YES","0","Computer and Technology","84.72","-1.8","9.6","-6.46","-.96","3.38","9.6463","8.67","13.93599","9.48439",".80005","9.68"
"CIRCOR International, Inc.","CIR","YES","0","Industrial Products","35.21","-13.93","-2.73","-41.71","-19.81","12.65","3.0938","2.41","4.16179","3.73099",".63837","-23.99"
"CNH Industrial N.V.","CNHI","YES","0","Auto-Tires-Trucks","15.85","15.06","1.8","-134.67","-7.29","1.57","1.77789",".86","2.7701","3.1486",".56988","-1.89"
"CNX Resources Corporation.","CNX","YES","0","Oils-Energy","14.92","24.34","21.88","-499.25","-34.56","-12.92",".91026","1.38","1.0101","44.75",".15239","-38.46"
"CVR Energy Inc.","CVI","YES","0","Oils-Energy","19.51","21.16","51.32","-167.11","-38.25","1.65","3.47989","-6.72","4.7087","15.038",".98799","-6.49"
"Cadence Design Systems, Inc.","CDNS","YES","0","Computer and Technology","143.46","-1.52","39.63","-40.28","14.83","9.07","16.926","14.9","24.836","5.3494",".67671","22.01"
"Caesars Entertainment, Inc.","CZR","YES","0","Consumer Discretionary","92.5","11.84","-6.2","-2268.66","37.41","34.39","1.32829","-7.14","1.46","51.09899",".16411","-50.57"
"CalAmp Corp.","CAMP","YES","0","Computer and Technology","11.19","4.09","-34.66","-746.63",".63","2.78","5.27759","-1.23","6.868","6.11689",".71384","-30.51"
"CalMaine Foods, Inc.","CALM","YES","0","Basic Materials","39.13","-5.86","-21.31","207.98","-.7",".15","4.84779","5.56","5.98579","6.16909","1.20889","4.6"
"Callaway Golf Company","ELY","YES","0","Consumer Discretionary","27.28","4","23.5","-259.85","-6.56","17.48","6.21929","3.18","8.97609","2.53699",".80057","-7.99"
"Camtek Ltd.","CAMT","YES","0","Computer and Technology","33.26","39.49","34.46","-.95","16.3","7.99","10.894","10.06","15.092","2.5388",".71972","13.97"
"Canada Goose Holdings Inc.","GOOS","YES","0","Retail-Wholesale","40.91","24.28","5.17","-53.67","13.82","16.47","15.781","5.69","22.419",".82464",".63494","8.78"
"Canadian Solar Inc.","CSIQ","YES","0","Oils-Energy","47.75","-16.56","20.34","-14.5","8.62","1.41","2.53699","1.81","7.8635","4.4586",".59672","4.22"
"Cantel Medical Corp.","CMD","YES","0","Medical","82.14","-3.41","2.89","144.15","10.66","10.97","9.1456","4.45","10.972","3.33229",".52575","4.72"
"Capri Holdings Limited","CPRI","YES","0","Retail-Wholesale","50.4","10.09","-13.61","-223.92","5.98","1.55","17.60199","3.18","26.347","1.7905",".52243","-10.6"
"CarMax, Inc.","KMX","YES","0","Retail-Wholesale","126.33","24.87","10.83","-15.93","-6.74","5.27","4.13889","3.73","4.54899","6.217",".9057","3.94"
"Cardtronics PLC","CATM","YES","0","Business Services","38.9","1.4","-13.9","-60.34","-18.93","-1.36","6.2255","3.04","9.08129","78.46299",".56647","1.75"
"Carnival Corporation","CUK","YES","0","Consumer Discretionary","24.12","16.53","-12.93","-442.31","-73.13","-5.08","4.74599","-11.52","6.0865","16.899",".11123","-182.96"
"Carnival Corporation","CCL","YES","0","Consumer Discretionary","28.6","19.54","-12.93","-442.31","-73.13","-5.08","4.74599","-11.52","6.0865","16.899",".11123","-182.96"
"Carrols Restaurant Group, Inc.","TAST","YES","0","Retail-Wholesale","6.08","-11.27","-36.14","7.69","5.79","13.55","1.61029","-.23","1.91849","102.123",".87383","-1.9"
"Carters, Inc.","CRI","YES","0","Consumer Discretionary","92.94","-8.59",".4","-58.73","-14.06","1.08","11.53199","5.51","17.304","2.7551",".91367","3.6"
"Casella Waste Systems, Inc.","CWST","YES","0","Industrial Products","65.37","-2.63","53.25","187.83","4.21","8.51","3.54489","4.11","4.93459","65.107",".75335","11.76"
"Catalent, Inc.","CTLT","YES","0","Medical","107.03","-6.41","12.35","133.09","22.89","13.46","4.92339","5.05","5.9986","6.39359",".4465","9.98"
"Cato Corporation The","CATO","YES","0","Retail-Wholesale","12.58","17.46","-11.08","-228.53","-30.32","-9.09","3.8817","-7.63","5.2104","4.5665",".95072","-8.02"
"Cavco Industries, Inc.","CVCO","YES","0","Construction","240.36","26.99","23.36","-23.62","10.29","9.85","8.25599","7.38","11.12199","7.56629","1.22969","6"
"Cedar Fair, L.P.","FUN","YES","0","Consumer Discretionary","49.09","14.49","-.21","-442.44","-87.69","-14.9","5.3221","-18.71","6.73799",".74057",".0709","-325.1"
"Celestica, Inc.","CLS","YES","0","Computer and Technology","8.85","1.12","-8","-13.8","-2.38","-.03","3.85599","3.43","7.479","4.64289","1.55569","1.05"
"Cemex S.A.B. de C.V.","CX","YES","0","Construction","6.97","27.74","-34.07","-1127.8","-1.22","-1.22","1.0851","-4.68","1.46119","9.24079",".4503","-11.31"
"Central Garden & Pet Company","CENT","YES","0","Consumer Discretionary","58.18","38.22","12.65","50.99","13.11","9.42","5.3899","6.23","6.68599","4.03389","1.2173","4.66"
"Central Garden & Pet Company","CENTA","YES","0","Consumer Discretionary","53.11","34.73","12.65","50.99","13.11","9.42","5.3899","6.23","6.68599","4.03389","1.2173","4.66"
"Century Casinos, Inc.","CNTY","YES","0","Consumer Discretionary","11.72","62.31","-40.08","-150.6","39.43","17.99","-.19244","-7.08","-.32514","85.053",".45276","-15.78"
"Ceragon Networks Ltd.","CRNT","YES","0","Computer and Technology","3.89","30.87","19.79","-629.18","-7.95","-2.89","2.53029","-5.04","5.2465","3.4714",".94651","-6.5"
"Charles River Laboratories International, Inc.","CRL","YES","0","Medical","302.19","9.81","14.51","44.55","11.55","16.47","8.213","7.78","10.68999","10.59799",".55307","12.46"
"Chart Industries, Inc.","GTLS","YES","0","Industrial Products","147.53","15.22","32.37","589.87","-9.39","9.6","3.29999","2.91","4.3927","3.48449",".4918","26.3"
"Chicos FAS, Inc.","CHS","YES","0","Retail-Wholesale","3.3","89.43","-45.24","-2723.77","-35.03","-10.71","3.1466","-12.74","2.63759","4.703",".96314","-27.2"
"China Automotive Systems, Inc.","CAAS","YES","0","Auto-Tires-Trucks","4.98","-26.49","-50.54","-149.44","-3.2","-2.86","1.82089","-.21","3.76659","4.46789",".63378","-1.17"
"China Biologic Products, Inc.","CBPO","YES","0","Medical","117.9","-8.07","2.89","9.67","4.1","13.5","12.519","7.57","14.22",".76902",".24943","29.04"
"China Cord Blood Corporation","CO","YES","0","Medical","4.52","14.2","27.56","3.96","17.32","13","4.5331","6.39","8.77519","3.3294",".15466","41.29"
"China Lodging Group, Limited","HTHT","YES","0","Consumer Discretionary","56.9","13.24","11.5","-218.11","-2.98","12.67","4.7093","-3.25","7.51679","110.444",".16247","-20.03"
"Chipotle Mexican Grill, Inc.","CMG","YES","0","Retail-Wholesale","1487.48","-3.55","29.72","1.6","7.13","9.58","7.7744","5.5","13.069","198.89199","1.07869","5.94"
"Chuys Holdings, Inc.","CHUY","YES","0","Retail-Wholesale","46.37","57.41","-6.89","-153","-24.72","4.42","5.46789","2.95","8.35429","53.518",".66974","-1.03"
"Ciena Corporation","CIEN","YES","0","Computer and Technology","55.9","-1.03","23.71","25.58","-1.12","9.16","6.9484","9.94","9.88689","5.1034",".84924","10.25"
"Cimpress plc","CMPR","YES","0","Consumer Discretionary","107.93","11.17","43.72","-141.99","-9.8","8.99","2.29559","-.24","3.6115","14.78499","1.2618","-4.39"
"Cinemark Holdings Inc","CNK","YES","0","Consumer Discretionary","23.45","21.84","-8.99","-422.3","-79.1","-11.48","3.3647","-10.6","4.03849","48.589",".12099","-89.88"
"Cirrus Logic, Inc.","CRUS","YES","0","Computer and Technology","86.72","-1.8","1.63","30.05","8.06","-1.89","13.961","13.67","17.184","3.7235",".8015","14.92"
"Citi Trends, Inc.","CTRN","YES","0","Retail-Wholesale","89.27","63.01","14.37","45.29",".18","2.17","4.39039","5.03","7.25939","3.87689","1.59899","3.06"
"Clean Harbors, Inc.","CLH","YES","0","Business Services","87.39","5","88.19","37.95","-7.86","3.92","1.5039","3.15","2.07859","9.7423",".76463","4.29"
"Clearfield, Inc.","CLFD","YES","0","Computer and Technology","30.84","16.81","-.45","145.32","9.46","6.28","7.57709","10.77","8.2972","4.33409","1.09089","9.88"
"Clearwater Paper Corporation","CLW","YES","0","Basic Materials","36.19","-8.14","-24.55","1486.69","6.08","1.17","2.3556","4.81","3.57419","6.32609","1.01479","4.13"
"ClevelandCliffs Inc.","CLF","YES","0","Basic Materials","18.47","22.66","-36.74","-141.67","169.06","10.9","8.42169",".12","13.868","2.10269",".50205","-2.28"
"Coherent, Inc.","COHR","YES","0","Computer and Technology","261.67","59.56","-21.5","-1844.17","-14.09","7.37","9.09729","1.95","11.876","1.8581",".6845","-34.01"
"Cohu, Inc.","COHU","YES","0","Computer and Technology","49.78","19.71","-68.42","80.2","9.03","22.76","4.44409","3.67","6.34299","2.6154",".59503","-2.17"
"Colfax Corporation","CFX","YES","0","Industrial Products","44.27","7.84","4.44","108.08","-7.71","-3.07","3.25069","2.66","4.48799","3.21309",".42232","1.39"
"CommScope Holding Company, Inc.","COMM","YES","0","Computer and Technology","15.54","7.5","-14.12","38.31","1.09","17.11","4.7483","2.23","5.64459","5.4942",".61031","-6.8"
"Commercial Vehicle Group, Inc.","CVGI","YES","0","Auto-Tires-Trucks","9.76",".73","46.77","-292.03","-20.37","3.23","4.03609","-.4","6.3007","7.8081","1.67519","-5.16"
"Computer Programs and Systems, Inc.","CPSI","YES","0","Medical","30.32","5.94","-.36","-30.4","-3.69","3.26","6.1181","4.27","7.1121","95.954",".79273","5.39"
"Conns, Inc.","CONN","YES","0","Retail-Wholesale","23.25","74.29","1.9","-105.26","-10.21","-2.16","1.48259",".08","1.79779","3.34809",".71375","-.23"
"Constellium SE","CSTM","YES","0","Industrial Products","14.72","-1.77","7.33","-125.43","-15.71","3.66",".60934","1.1","1.248","7.06969","1.1483","-.31"
"Continental Resources, Inc.","CLR","YES","0","Oils-Energy","26.02","45.34","68.93","-176.95","-44.16","14.47","2.0492","-2.83","2.5833","8.56879",".17275","-23.08"
"Controladora Vuela Compania de Aviacion, S.A.B. de C.V.","VLRS","YES","0","Transportation","15.14","9.46","-21.71","-237.23","-39.75","3.78","3.44269","-1.98","18.71199","45.56299",".32034","-18.54"
"CooperStandard Holdings Inc.","CPS","YES","0","Auto-Tires-Trucks","35.19","-3.14","-25.67","-541.57","-23.58","-6.72","3.84999","-5.53","6.5763","14.718",".92948","-11.27"
"Copa Holdings, S.A.","CPA","YES","0","Transportation","82.45","-3.81","7.9","-342.35","-70.41","-6.45","5.5857","-6.1","7.91109","3.5827",".19752","-74.73"
"Copart, Inc.","CPRT","YES","0","Business Services","112.85","-17.66","26.09","-3.6","8.01","15.29","18.68899","19.07","22.391","48.352",".63976","30.92"
"Corcept Therapeutics Incorporated","CORT","YES","0","Medical","24.16","-15.01","112.71","12.56","15.46","50.75","25.73399","20.69","32.15599","1.13119",".69076","29.96"
"Coty Inc.","COTY","YES","0","Consumer Staples","8.85","19","-14.22","60.58","-45.45","6.16","2.09689","-1.17","2.9967","2.4679",".27638","-23.68"
"Covenant Logistics Group, Inc.","CVLG","YES","0","Transportation","21.24","33.09","-7.06","-603.95","-6.26","7.44","3.0371","2.38","4.40619","87.012","1.06009","-5.08"
"Cracker Barrel Old Country Store, Inc.","CBRL","YES","0","Retail-Wholesale","171.67","20.14","-19.39","-78.25","-17.88","-2.57","11.00899","-1.14","17.47999","4.94579",".85175","2.12"
"Crocs, Inc.","CROX","YES","0","Consumer Discretionary","82.17","17.77","333.5","161.81","12.62","4.62","7.1599","24.73","13.46399","3.6774","1.55379","22.57"
"CryoLife, Inc.","CRY","YES","0","Medical","22.63","-12.54","-23.42","-1069.88","-8.32","13.25","2.85789","1.32","3.2855","1.31729",".35098","-6.59"
"CyberOptics Corporation","CYBE","YES","0","Computer and Technology","27.46","7.37","-3.26","641.86","18.31","3.31","4.5479","7.25","5.64079","1.9816",".88521","8.19"
"DAQO New Energy Corp.","DQ","YES","0","Basic Materials","71.25","12.6","-3.63","337.6","93.03","19.94","8.00979","10.96","12.359","10.31799",".57256","19.12"
"DISH Network Corporation","DISH","YES","0","Consumer Discretionary","37.43","7.35","-2.76","25.95","20.97","-2.83","4.73369","4.98","6.55119","26.03899",".43794","11.38"
"DMC Global Inc.","BOOM","YES","0","Industrial Products","52.43","16.05","2.88","-104.15","-42.36","20.75","6.81839",".47","9.89439","2.98709",".86484","-.62"
"DSP Group, Inc.","DSPG","YES","0","Computer and Technology","14.73","-16.94","7.54","-470.59","-2.66","-4.31","2.4823","2.31","3.1782","6.7423",".54917","-5.93"
"DXP Enterprises, Inc.","DXPE","YES","0","Industrial Products","30.63","27.24","20.71","-179.78","-20.67","3.66","3.29809","1.8","4.64779","6.0401","1.2711","-2.86"
"DaVita Inc.","DVA","YES","0","Medical","106.95","-16.21","14.43","-4.6","1.42","-6.84","3.9939","5.02","5.56479","77.66",".65131","6.7"
"Daktronics, Inc.","DAKT","YES","0","Computer and Technology","6.56","26.35","-26.25","203.69","6.89","-1.35","1.3837","2.57","2.3031","4.73899","1.31459","1.95"
"Danaos Corporation","DAC","YES","0","Transportation","52.75","126.47","-21.11","16.99","3.21","-3.55","4.69159","6.35","9.9973","13.645",".1714","33.26"
"Darling Ingredients Inc.","DAR","YES","0","Consumer Staples","72.22","16.49","27.59","-5.05","6.18",".04","3.17199","6.03","3.9375","6.7691",".65843","8.31"
"Dave & Busters Entertainment, Inc.","PLAY","YES","0","Retail-Wholesale","44.78","35.98","-1.98","-306.43","-67.78","-3.77","5.9043","-8.26","8.26249","2.5729",".17599","-47.42"
"Deckers Outdoor Corporation","DECK","YES","0","Consumer Discretionary","338.97","6.31","30.67","28.58","5.56","5.16","14.03299","18.14","20.71899","2.84089","1.17209","15.48"
"Delek US Holdings, Inc.","DK","YES","0","Oils-Energy","22.86","30.45","81.87","-295.75","-21.47","14.56","1.7997","-4.71","3.17339","11.946","1.1595","-8.33"
"Dell Technologies Inc.","DELL","YES","0","Computer and Technology","89.48","12.3","1.88","-33.54","2.25","13.76","3.01979","5.08","6.35419","18.499",".7789","3.44"
"Delta Air Lines, Inc.","DAL","YES","0","Transportation","51.65","15.11","5.84","-359.81","-63.63","-6.04","5.15129","-9.37","13.67899","23.041",".23411","-72.45"
"Dennys Corporation","DENN","YES","0","Retail-Wholesale","18.07","12.81","-2.38","-104.36","-46.69","-5.36","11.055","-1.39","21.09","166.04299",".62926","-1.77"
"Designer Brands Inc.","DBI","YES","0","Retail-Wholesale","17.93","108.78","4.93","-617.18","-36.02","1.54","4.796","-12.63","5.7603","3.8512","1.00269","-21.87"
"Diebold Nixdorf, Incorporated","DBD","YES","0","Business Services","13.89","22.87","-23.62","21.15","-11.49","8.64",".6338","1.63","1.26349","5.6507","1.05149","-6.9"
"Digi International Inc.","DGII","YES","0","Computer and Technology","18.98","-5.07","-4.82","43.98","9.86","9.32","2.40129","1.48","2.7149","2.7646",".54246","2.72"
"Diodes Incorporated","DIOD","YES","0","Computer and Technology","82.69","9.47","41.07","-35.99","-1.59","8.37","6.0222","6.47","7.9457","3.02489",".64955","7.98"
"Dollar Tree, Inc.","DLTR","YES","0","Retail-Wholesale","117.61","1.67","12.33","62.26","8.04","5.4","6.4492","6.51","10.06299","5.17649","1.23689","5.26"
"Domtar Corporation","UFS","YES","0","Basic Materials","37.85","10.73","-13.07","-251.19","-30.04","-1.33","3.5583","1.29","5.12919","4.30889",".89894","-2.93"
"Donnelley Financial Solutions Inc.","DFIN","YES","0","Computer and Technology","29.5","60.12","-20.13","-168.88","2.26","-3.89","7.90729","-2.8","10.68299","48.38999",".96846","-2.9"
"Dorman Products, Inc.","DORM","YES","0","Auto-Tires-Trucks","103.74","11.66","-.56","27.59","10.23","5.4","13.347","9.47","16.41799","2.5453",".92764","9.78"
"DrilQuip, Inc.","DRQ","YES","0","Oils-Energy","32.18","1.41","-52.99","-1888.84","-12.01","-11.56","1.2143","-.13","1.3025","1.28279",".31775","-8.43"
"Ducommun Incorporated","DCO","YES","0","Aerospace","63.77","10.51","33.74","-10.13","-12.78","4.83","3.30749","3.87","4.3804","3.89359",".74558","4.64"
"Duluth Holdings Inc.","DLTH","YES","0","Consumer Discretionary","16.49","43.05","-6.77","-28.24","3.76","17.07","8.53369","2.92","11.512","1.7431","1.2272","2.13"
"Dycom Industries, Inc.","DY","YES","0","Construction","91.42","11.85","-17.69","-39.99","-4.21","4.52","5.86359","3.63","7.662","33.866","1.42709","1.07"
"Dynagas LNG Partners LP","DLNG","YES","0","Transportation","2.8","3.16","-34.88","842.49","4.79","-4.9","2.91219","3.58","3.13439","177.337",".14064","24.83"
"EDAP TMS S.A.","EDAP","YES","0","Medical","9.54","63.55","-9.61","-148.8","-4.83","5.32","5.78049","-5.9","10.055","5.1241","1.50179","-3.93"
"Eagle Materials Inc","EXP","YES","0","Construction","137.72","25.35","11.52","367.42","4.13","6.42","10.22","9.79","12.23999","5.0492",".55159","21.67"
"Eagle Pharmaceuticals, Inc.","EGRX","YES","0","Medical","40.13","-18.36","-14.91","-16.24","-4.13","10.36","19.363","7.38","25.509","5.8691",".67071","6.38"
"Edwards Lifesciences Corporation","EW","YES","0","Medical","85.41","-13.44","20.18","-21.35",".88","11.84","17.09399","17.69","23.773","1.45389",".66113","18.77"
"El Pollo Loco Holdings, Inc.","LOCO","YES","0","Retail-Wholesale","17.02","-16.65","4.14","-1.71","-3.67","4.09","5.2718","4.41","7.0348","151.25599",".66943","5.74"
"Eldorado Gold Corporation","EGO","YES","0","Basic Materials","11.37","-21.91","26.7","29.68","66.18","7.67",".55739","3.51",".67562","2.64269",".21049","10.18"
"Electromed, Inc.","ELMD","YES","0","Medical","10.17","-5.17","15.88","1.73","3.74","9.47","9.62119","10.85","10.991","2.54979",".97105","11.17"
"EmbraerEmpresa Brasileira de Aeronautica","ERJ","YES","0","Aerospace","10.34","39.85","-41.4","-127.06","-30.97","-8.44","-.03136","-4.35","-.27565","1.12",".35424","-19.41"
"Emergent Biosolutions Inc.","EBS","YES","0","Medical","79.25","-19.18","28.65","458.79","40.63","26.83","8.5669","16.55","10.22299","1.97479",".60732","19.62"
"Endo International plc","ENDP","YES","0","Medical","7.39","-7.76","-13.77","143.52","-.39","-7.18","6.45249","7.27","8.31519","4.23439",".31468","6.34"
"Energy Recovery, Inc.","ERII","YES","0","Industrial Products","18.99","28.57","75.13","141.79","36.86","18.79","5.5345","14.56","8.45009","2.61179",".61378","22.18"
"Exelixis, Inc.","EXEL","YES","0","Medical","23.33","7.76","46.26","-65.18","2.04","77.38","15.93","5.42","24.40699","2.00629",".47878","11.32"
"Express, Inc.","EXPR","YES","0","Retail-Wholesale","4.34","322.08","-55.29","-146.69","-40.16","-9",".29025","-19","-7.2232","4.34829",".73044","-33.55"
"Extreme Networks, Inc.","EXTR","YES","0","Computer and Technology","8.85","19.11","-10.04","9.19","-4.8","16.95","3.8666","-2.39","9.918","6.75309",".93624","-8.58"
"F5 Networks, Inc.","FFIV","YES","0","Computer and Technology","215.35","12.7","7.25","-24.98","4.83","4.12","15.97799","8.5","31.56999","15.22",".51767","12.33"
"FARO Technologies, Inc.","FARO","YES","0","Computer and Technology","89.18","17.04","-15.51","101.01","-20.43","1.64","1.52709","-.71","1.93669","2.7964",".63928",".21"
"Fabrinet","FN","YES","0","Computer and Technology","90.52","10.08","14.75","5.01","3.63","11.36","9.5141","9.4","13.361","4.6128","1.21159","7.31"
"Ferrari N.V.","RACE","YES","0","Auto-Tires-Trucks","209.19","-14.31","14.45","-9.76","-6.31","4.42","11.93299","9.22","18.937","3.84089",".59323","17.8"
"Ferro Corporation","FOE","YES","0","Basic Materials","17.42","7.78","-2.2","608.83","-5.83",".32","6.24949","3.67","9.54409","2.44099",".52183","4.46"
"Fiesta Restaurant Group, Inc.","FRGI","YES","0","Retail-Wholesale","13.25","1.8","-39.8","87.9","-16.06","-3.99","3.73009","-.32","4.7849","49.331",".95248","-1.84"
"First Solar, Inc.","FSLR","YES","0","Oils-Energy","84.21","-22.6","-19.65","446.6","-11.48","-4.36","4.23619","5.67","5.3316","3.80739",".38574","14.69"
"Five Below, Inc.","FIVE","YES","0","Retail-Wholesale","197.43","4.83","16.75","-29.53","6.25","18.85","12.87899","5.78","23.086","3.81579",".93177","6.29"
"Flex Ltd.","FLEX","YES","0","Computer and Technology","18.51","-6.2","-30.25","1782.16","-7.97","-.19","2.45129","2.88","5.72959","5.98129","1.5963","1.8"
"Floor & Decor Holdings, Inc.","FND","YES","0","Construction","101.54","-1.66","20.64","29.44","18.59","21.8","8.2356","5.92","14.248","2.28419",".902","8.04"
"Ford Motor Company","F","YES","0","Auto-Tires-Trucks","12.92","33.08","-28.82","-2846.81","-18.45","-2.04","2.10599",".62","3.8866","10.50699",".47964","-1.02"
"FormFactor, Inc.","FORM","YES","0","Computer and Technology","50.55","9.45","297.71","99.57","17.67","17.22","8.203","11.06","9.94069","4.4997",".76802","11.32"
"Fortinet, Inc.","FTNT","YES","0","Computer and Technology","194.68","18.61","123.49","48.91","20.32","19.6","6.123","11.2","21.152","4.51219",".73167","18.76"
"Fortuna Silver Mines Inc.","FSM","YES","0","Basic Materials","7.1","-24.88",".07","-9.34","8.47","7.01","4.5928","3.21","5.4113","8.8613",".28172","7.72"
"Fossil Group, Inc.","FOSL","YES","0","Retail-Wholesale","12.86","34.92","-54.19","-83.56","-27.25","-11.69",".48015","-3.96","-.17397","2.2932","1.07829","-5.95"
"Fox Factory Holding Corp.","FOXF","YES","0","Auto-Tires-Trucks","132.8","15.45","25.52","-2.54","18.58","20.91","15.79899","10.32","20.70899","4.234",".74198","10.18"
"FreeportMcMoRan Inc.","FCX","YES","0","Basic Materials","35.01","25.17","-30.8","467.48","-1.42","-1.65","2.4546","1.97","3.84689","3.01769",".34694","4.22"
"GCP Applied Technologies Inc.","GCP","YES","0","Construction","25.67","-.65","-1.44","112.74","-10.88","-8.38","5.0734","3.93","8.0331","5.5657",".68149","10.91"
"GIII Apparel Group, LTD.","GIII","YES","0","Consumer Discretionary","30.2","15.77",".55","-83.63","-34.97","2.34","4.8926","1.46","6.76499","2.6839",".82415","1.15"
"GMS Inc.","GMS","YES","0","Retail-Wholesale","41.72","24.53","20.42","-62.73","4.02","12.46","5.8783","5.81","7.4415","6.9572","1.398",".97"
"GameStop Corp.","GME","YES","0","Retail-Wholesale","184.5","813.99","-33.31","54.28","-21.28","-11.15","4.25939","-5.58","5.07469","5.9091","2.0527","-4.23"
"Gannett Co., Inc.","GCI","YES","0","Business Services","5.24","45.84","-33.16","-459.47","82.33","21.45","1.48389","-4.04","1.77859","51.798",".99637","-19.69"
"Genasys Inc.","GNSS","YES","0","Consumer Discretionary","7.16","-1.68","-4.22","350.83","16.31","26.05","2.08439","6.62","2.76009","3.02049",".66763","25.17"
"Generac Holdings Inc.","GNRC","YES","0","Computer and Technology","333.64","31.65","19.24","39.11","12.74","14.52","11.88899","14.18","16.09199","2.7274",".85466","14.11"
"General Motors Company","GM","YES","0","Auto-Tires-Trucks","61.94","35.02","-11.55","-4.53","-10.75","-6.26","3.80559","2.98","7.99259","10.302",".51086","5.25"
"Genesco Inc.","GCO","YES","0","Retail-Wholesale","48","42.55","-12.98","-191.93","-18.69","-10.56","3.759","-1.01","6.08769","2.7688","1.0748","-3.16"
"Gentherm Inc","THRM","YES","0","Auto-Tires-Trucks","77.39","8.01","-.49","59.12","-6.03",".31","8.8118","8.25","11.543","5.52089",".99764","6.54"
"Gibraltar Industries, Inc.","ROCK","YES","0","Construction","89.78","15.63","19.43","-.81","-1.42","1.5","6.9889","9","9.90709","9.0288","1.04289","5.71"
"Gildan Activewear, Inc.","GIL","YES","0","Consumer Discretionary","32.2","5.1","-28.3","-186.7","-29.84","-2.67","9.9454","-1.12","11.14799","1.7824",".61321","-11.37"
"Globus Medical, Inc.","GMED","YES","0","Medical","63.79","-11.32","6.55","-34.1",".47","9.13","12.23099","9.4","13.479",".97307",".51182","12.96"
"Gol Linhas Aereas Inteligentes S.A.","GOL","YES","0","Transportation","8.07","-24.87","8.05","-3473.28","-63.29","-4.82","-.72062","-15.31","-40.278","16.38599",".46963","-92.08"
"Golden Ocean Group Limited","GOGL","YES","0","Transportation","6.89","34.58","-68.72","-470.17","-13.86","30.94","-.31072","-.44","-.24339","71.94",".22192","-22.65"
"Golden Star Resources, Ltd","GSS","YES","0","Basic Materials","3.23","-21.05","-16.32","22.68","2.93","4.33","5.68909","11.12","362.66699","3.9869",".83186","-17.61"
"Grupo Aeroportuario del Sureste, S.A. de C.V.","ASR","YES","0","Transportation","183.42","1.73","-2.65","-64.27","-32.28","8.69","10.329","3.5","11.373","694.42199",".2073","16.9"
"Grupo Televisa S.A.","TV","YES","0","Consumer Discretionary","9.55","1.5","-18.13","-133.24","-13.44","-1.53","1.09479","-.59","1.3234","39.69599",".33059","-1.78"
"Haemonetics Corporation","HAE","YES","0","Medical","113.3","-11.41","18.63","35.61","2.16","1.42","9.12759","9.73","12.126","1.55369",".65035","12.23"
"Harsco Corporation","HSC","YES","0","Business Services","17.71","-9.12","10.93","-105.23","23.95","3.39","3.6006","1.18","6.45919","8.77009",".66493","-1.41"
"Harvard Bioscience, Inc.","HBIO","YES","0","Computer and Technology","6.4","23.67","19.32","-66.63","-12.12","1.23","2.21379","2.15","2.7464","1.93079",".66644","-7.65"
"Healthways, Inc.","TVTY","YES","0","Medical","23.3","7.86","33.26","22.03","-61.3","16.57","8.72529","7.44","15.319","13.20199",".80909","-23.4"
"Helen of Troy Limited","HELE","YES","0","Consumer Staples","218.2","-11.08","11.93","18.61","9.16","3.91","11.267","14.29","14.09799","3.60809",".9715","11.25"
"Henry Schein, Inc.","HSIC","YES","0","Medical","69","-4.97","-.14","-41.88","1.34","-3.5","7.45769","5.59","12.14799","5.11619","1.3306","3.99"
"Herbalife LTD.","HLF","YES","0","Retail-Wholesale","45.06","-13.22","7.76","19.81","13.63","4.03","14.81499","15.96","29.284","2.61809","1.80509","6.72"
"HeritageCrystal Clean, Inc.","HCCI","YES","0","Industrial Products","27.84","22.88","16.85","42.71","-8.66","6.23","4.00699","2.01","5.1009","0",".88503","2.94"
"Heska Corporation","HSKA","YES","0","Medical","173.72","8.37","-6.17","-992.49","60.87","5.02","5.9793","-.18","8.04759","3.1105",".52215","-7.3"
"Hexcel Corporation","HXL","YES","0","Aerospace","56.25","8.44","-11.45","-89.66","-36.22",".64","8.6351",".66","10.61299","4.40199",".47901","2.11"
"Hibbett Sports, Inc.","HIBB","YES","0","Retail-Wholesale","71.25","42.71","5.86","176","19.88","7.94","9.222","13.41","15.32499","4.374","1.82539","5.23"
"Hilton Grand Vacations Inc.","HGV","YES","0","Consumer Discretionary","38.33","11.38","-30.99","-193.06","-51.36","-4.87","9.8884","1.32","15.531",".86606",".25512","-22.48"
"Himax Technologies, Inc.","HIMX","YES","0","Computer and Technology","14.44","76.74","-19.88","446.22","32.07",".34","2.47219","5.53","4.3312","4.89769","1.02339","5.31"
"Hologic, Inc.","HOLX","YES","0","Medical","74.72","-5.96","15.9","459.48","12.15","6.9","10.218","23.11","14.27","3.8317",".63949","30.5"
"Horizon Therapeutics Public Limited Company","HZNP","YES","0","Medical","89.99","14.36","12.76","-31.98","69.26","15.82","8.61509","16.58","11.428","7.43319",".42535","17.72"
"Hostess Brands, Inc.","TWNK","YES","0","Consumer Staples","14.74","-8.46","8.74","2.57","12","8.4","2.01819","2.99","2.55029","13.24699",".3054","6.37"
"Howmet Aerospace Inc.","HWM","YES","0","Construction","31.4","3.5","13.66","-44.47","-62.94","-13.85","3.5617","4","5.7718","2.1352",".51959","3.82"
"HudBay Minerals Inc","HBM","YES","0","Basic Materials","7.91",".13","65.42","57.95","-11.72",".82",".64926","-2.64",".90997","7.5429",".24111","-13.24"
"Hyatt Hotels Corporation","H","YES","0","Consumer Discretionary","86.12","6.3","7.38","-191.78","-58.84","-6.16","1.73129","-6.21","2.4939","179.73899",".23455","-34.03"
"ICU Medical, Inc.","ICUI","YES","0","Medical","205.01","-12.08","22.23","-14.02",".38","33.3","8.7402","7.38","10.51","2.5471",".70914","6.83"
"IDEXX Laboratories, Inc.","IDXX","YES","0","Medical","492.9","-9.47","25.28","36.02","12.45","10.7","21.131","28.42","50.575","5.23029","1.3221","21.49"
"IEC Electronics Corp.","IEC","YES","0","Computer and Technology","12.58","-15.44","93.6","45.99","16.39","11.79","3.93179","5.63","6.703","3.2332","1.4692","3.83"
"IIVI Incorporated","IIVI","YES","0","Industrial Products","75.47","-8.74","2.96","367.45","74.68","28.9","4.78719","3.96","5.7361","2.72079",".53833","6.63"
"IMAX Corporation","IMAX","YES","0","Consumer Discretionary","22.03","11.99","-3.58","-406.78","-65.37","-10.49","1.63289","-12.7","1.57","2.154",".13144","-104.94"
"IPG Photonics Corporation","IPGP","YES","0","Computer and Technology","225.34","-8.24","-6.05","-11.46","-8.66","5.74","13.71599","7.3","15.48499","1.80569",".43","13.29"
"IT Tech Packaging Inc","ITP","YES","0","Basic Materials",".648","9.35","-31.38","-396.9","-14.18","-6.19","-.23796","-3.47","-.25094","21.621",".53087","-6.54"
"Iamgold Corporation","IAG","YES","0","Basic Materials","3.22","-20.19","4.52","110.32","16.56","4.33",".31591","2.17",".42168","2.9756",".31152","3.43"
"Ichor Holdings, Ltd.","ICHR","YES","0","Computer and Technology","60.42","89.99","-21.01","210.18","47.26","15.39","13.77999","8.15","20.11","5.5858","1.4383","3.64"
"Illumina, Inc.","ILMN","YES","0","Medical","414.84","-4.27","16.64","-34.53","-8.58","10.59","12.416","9","16.048","2.5803",".43922","20.25"
"Incyte Corporation","INCY","YES","0","Medical","83.18","-11.84","52.48","-166.17","23.53","25.15","1.0008","-8.29","1.1236","8.2403",".8312","-11.09"
"Ingevity Corporation","NGVT","YES","0","Basic Materials","74.39","-9.08","28.8","1.36","-5.94","8.91","10.84599","8.87","13.571","3.5211",".53211","15.31"
"Inogen, Inc","INGN","YES","0","Medical","52.16","7.38","-10.73","-127.82","-14.77","17.33","8.68389","-1.27","10.579","5.3298",".67083","-1.89"
"Inphi Corporation","IPHI","YES","0","Computer and Technology","183.3","5.58","-13.77","18.06","86.79","16.37","2.1663","6.89","2.67849","3.20519",".65899","-8.75"
"Insight Enterprises, Inc.","NSIT","YES","0","Retail-Wholesale","95.22","16.69","26.11","8.3","7.88","10.59","5.1163","5.31","12.09799","35.49399","2.01749","2.07"
"Integer Holdings Corporation","ITGR","YES","0","Medical","92.76","4.97","12.39","-19.8","-14.68","-1.75","4.33069","3.77","5.1598","4.8555",".44073","7.2"
"Integra LifeSciences Holdings Corporation","IART","YES","0","Medical","68.27","-3.1","11.57","166.71","-9.6","11.29","6.62139","6","7.86609","1.58449",".39456","9.76"
"International Game Technology","IGT","YES","0","Consumer Discretionary","17.2","-10.12","-47.51","-4619.53","-34.9","-5.71","1.79369","-1.12","2.4117","11.194",".25995","-26.07"
"IntriCon Corporation","IIN","YES","0","Computer and Technology","24.45","27.12","22.24","33.17","-9.45","11.95",".95085","-.33","1.5218","3.82389",".88305","-2.46"
"Intuitive Surgical, Inc.","ISRG","YES","0","Medical","766.85","-13.77","13.27","-23.11","-2.68","15.12","14.468","10.15","16.731","2.36689",".41725","24.33"
"Iridium Communications Inc","IRDM","YES","0","Computer and Technology","40.91","-4.16","-50.67","65.4","4.1","8.44",".79311","-.95",".94511","4.05329",".17297","-9.61"
"Itron, Inc.","ITRI","YES","0","Computer and Technology","93.83","-10.33","9.28","-218.26","-13.15","5.21","4.7732","2.57","7.6047","7.51789",".74259","-2.67"
"J. Alexanders Holdings, Inc.","JAX","YES","0","Retail-Wholesale","10.18","26.73","-8.56","-354.86","-25.84","-.8","2.98609","-3.63","3.6254","45.88899",".75814","-12.25"
"JD.com, Inc.","JD","YES","0","Retail-Wholesale","83.51","-13.56","185.57","309.36","37.93","28.84",".94433","3.59","2.08879","12.18299","2.1064","6.71"
"JELDWEN Holding, Inc.","JELD","YES","0","Construction","28.33","2.13","-5.26","43.57","-1.26","4.24","8.0445","4.27","11.425","6.40199","1.1353","2.16"
"Jazz Pharmaceuticals PLC","JAZZ","YES","0","Medical","162.75","-8.08","13.66","-54.41","9.34","12.73","12.328","9.95","14.98499","1.6322",".39214","10.1"
"JetBlue Airways Corporation","JBLU","YES","0","Transportation","21.25","34.11","-9.35","-339.37","-63.47","-4.72","3.8066","-11.84","6.9684","20.683",".22223","-46.08"
"Just Energy Group, Inc.","JENGQ","YES","0","Utilities",".95","-81.11","-22.68","34.68","-28.25","-8.88","9.69779","3.15","43.64599","112.48799","2.1624","-6.71"
"Kamada Ltd.","KMDA","YES","0","Medical","6.2","-10.88","27.44","-22.97","4.76","15.73","7.6001","8.36","9.12339","1.9692",".65005","12.86"
"Key Tronic Corporation","KTCC","YES","0","Computer and Technology","7.97","6.12","-5.78","164.64","-3.14","-1.07","1.94659","1.87","3.09419","3.7595","1.5771","1.19"
"Keysight Technologies Inc.","KEYS","YES","0","Computer and Technology","145.95","2.73","21.12","-5.07","-1.91","11.12","10.536","12.01","14.937","2.25629",".60161","14.77"
"Kimball Electronics, Inc.","KE","YES","0","Computer and Technology","25.96","50.11","10.74","13.12","1.58","9.93","4.99429","6.01","8.28619","5.69869","1.5906","2.99"
"Kirby Corporation","KEX","YES","0","Transportation","61.65","9.06","-4.21","-222.08","-23.5","9.23","2.8445","1.84","3.70779","4.61819",".36292","-8"
"Kirklands, Inc.","KIRK","YES","0","Retail-Wholesale","29.01","42.39","-9.99","130.5","-10","-.98","1.05579","3.48",".03855","4.6029","1.40859","2.99"
"Knowles Corporation","KN","YES","0","Computer and Technology","21.5","8.3",".76","-86.56","-10.59","-3.91","4.11759","2.95","4.7561","3.21289",".45581",".86"
"Koppers Holdings Inc.","KOP","YES","0","Basic Materials","34.4","3.28","10.4","83.18","-5.85","4.6","5.27479","5.61","7.91139","4.7589","1.0662","7.31"
"Korea Electric Power Corporation","KEP","YES","0","Utilities","10.69","-20.13","-50.4","182.69","4.92","-.5",".89231","1.02","1.41139","7.4931",".2996","3.41"
"Kornit Digital Ltd.","KRNT","YES","0","Industrial Products","108.02","4.48",".63","-185.69","7.49","15.53","2.57259",".01","3.1164","2.25149",".38506","-2.47"
"Kraton Corporation","KRA","YES","0","Basic Materials","36.38","24.69","-6.09","-539.73","-13.37","2.46","2.92059","1.48","3.878","3.15479",".58291","-14.43"
"Kratos Defense & Security Solutions, Inc.","KTOS","YES","0","Aerospace","28.64","-4.4","58.68","536.8","4.21","1.44",".97201","1.8","1.2429","7.53369",".53042","10.65"
"L Brands, Inc.","LB","YES","0","Retail-Wholesale","62.04","52.96","-15.19","330.47","-8.26","-.54","10.034","9.05","17.988","4.70429","1.1007","7.13"
"L.B. Foster Company","FSTR","YES","0","Basic Materials","18.09","12.55","-1.1","-82.19","-24.07","3.71","-.03451","1.56",".6015","3.49169","1.31579","1.49"
"LKQ Corporation","LKQ","YES","0","Auto-Tires-Trucks","43.16","14.61","10.14","17.95","-7.01","10.76","6.39499","6.36","8.2741","2.91109",".95102","5.49"
"Laboratory Corporation of America Holdings","LH","YES","0","Medical","251.87","14.34","14.25","88.93","20.98","6.95","6.9626","12.69","9.02989","25.569",".75602","11.13"
"Lakeland Industries, Inc.","LAKE","YES","0","Industrial Products","28.51","-6.68","6.41","18985.23","8.89","8.46","6.70069","24.67","7.881","1.84819","1.30369","18.93"
"Landec Corporation","LNDC","YES","0","Consumer Staples","11.18","-6.7","-11.18","-375.49","5.88","2.29","1.54219","-.02","1.99769","7.47599","1.09809","-8.85"
"Lands End, Inc.","LE","YES","0","Retail-Wholesale","24.6","3.12","113.2","-43.83","-1.57","1.3",".8891","1.28","1.3904","1.92579","1.27699",".76"
"Lannett Co Inc","LCI","YES","0","Medical","5.51","-20.61","-24.88","-5000.65","-16.73","-1.38","6.2328","2.83","7.40019","3.12069",".50156","-37.73"
"Lantheus Holdings, Inc.","LNTH","YES","0","Medical","21.45","46.32","6.52","-142.55","-2.28","3.37","9.9784","3.41","13.91499","5.75279",".44758","-3.97"
"Las Vegas Sands Corp.","LVS","YES","0","Consumer Discretionary","63.61","-3.26","-4.75","-162.45","-73.71","-9.17","8.5541","-7.64","10.307","75.05",".17068","-46.65"
"Lattice Semiconductor Corporation","LSCC","YES","0","Computer and Technology","49.22",".75","104.82","8.96","1","-.86","4.17159","8.58","5.29479","2.868",".604","11.61"
"Lee Enterprises, Incorporated","LEE","YES","0","Consumer Staples","28.17","116.09","-24.95","-18.98","21.21","-1.73","2.2543","-.18","3.2618","39.768",".79953","1.06"
"Lifevantage Corporation","LFVN","YES","0","Medical","9.31","-5.22","19.31","-.04","3.08","3.49","16.361","20.62","36.38199","2.6235","3.58459","5.12"
"Ligand Pharmaceuticals Incorporated","LGND","YES","0","Medical","154.15","42.19","18.91","-100.47","54.98","11.83","5.8035","4.26","8.1798","2.3887",".14799","-1.6"
"LivaNova PLC","LIVN","YES","0","Medical","77.78","6.39","-16.23","-122.44","-13.84","-6","5.3547","2.5","7.4277","1.93739",".37786","-36.93"
"Logitech International S.A.","LOGI","YES","0","Computer and Technology","107.37","3.7","31.15","236.58","6.73","13.37","20.98399","28.59","37.165","7.3597","1.4893","21.14"
"Lumber Liquidators Holdings, Inc","LL","YES","0","Retail-Wholesale","26.74","-21.74","121.63","535.69",".47","3.28","-.79717","10.14","-.29913","2.67939","1.66589","5.6"
"Lumentum Holdings Inc.","LITE","YES","0","Computer and Technology","90.95","-9.06","47.14","5661.76","7.24","17.78","11.246","12.08","14.08899","4.9835",".50744","11.11"
"Luna Innovations Incorporated","LUNA","YES","0","Business Services","10.59",".4","69.58","-38.39","17.25","7.19","1.8228","7.66","2.125","2.80559",".82052","3.98"
"Lydall, Inc.","LDL","YES","0","Conglomerates","33.49","2.54","-22.44","-4.56","-8.76","9.8","5.77089","-.07","7.6092","7.9471","1.00499","-9.65"
"MACOM Technology Solutions Holdings, Inc.","MTSI","YES","0","Computer and Technology","59.2",".24","-33.88","93.18","6.07","-3.01","2.59279","4.7","2.9872","2.8443",".49355","-4.77"
"MASTERCRAFT BOAT HOLDINGS, INC.","MCFT","YES","0","Consumer Discretionary","27.55","2.19","19.38","-196.03","-22.15","18.7","19.71699","13.63","31.93099","8.98369","1.67809","-4.65"
"MI Homes, Inc.","MHO","YES","0","Construction","62.56","29.31","32.67","88.01","21.83","15.1","5.9032","10.3","7.0703","1.27409","1.27049","7.87"
"MRC Global Inc.","MRC","YES","0","Industrial Products","9.44","33.65","11.86","-802.56","-30.09","-2.03","1.3579",".36","1.9569","3.53509","1.31889","-10.7"
"MTS Systems Corporation","MTSC","YES","0","Computer and Technology","58.49","-7.35","-7.07","-827.83","-7.16","7.4","3.82329","2.62","5.50279","3.0106",".63618","-33.55"
"Macquarie Infrastructure Company","MIC","YES","0","Conglomerates","32.12","-20.08","51.44","-694.87","-50.96","-3.47","3.07979","3.96","3.9649","16.714",".17344","-84.44"
"Macys, Inc.","M","YES","0","Retail-Wholesale","16.12","29.28","-12.87","-799.11","-29.37","-5.88","4.1185","-3.76","7.3144","2.8206",".94897","-22.73"
"Magellan Health, Inc.","MGLN","YES","0","Medical","94.05","4.29","-6.22","583.94","-36.06","7.99","3.34479","1.27","5.21059","111.47","1.57679","7.28"
"Magnachip Semiconductor Corp.","MX","YES","0","Computer and Technology","26.73","83.67","-8.5","1680.52","-35.99","2.22","1.93719","4.23","4.05889","9.7544",".92479","59.11"
"Malibu Boats, Inc.","MBUU","YES","0","Consumer Discretionary","82.6","22.56","32.49","-2.45","-4.51","31.49","14.77999","14.1","26.037","6.0731","1.19579","10.52"
"Mallinckrodt public limited company","MNKKQ","YES","0","Medical",".336","65.06",".25","5.21","-30.01","-8.37","5.65999","5.62","8.0782","4.58059",".22539","-42.68"
"Manitex International, Inc.","MNTX","YES","0","Industrial Products","8.19","46.19","-3.83","-60.27","-25.48","-13.81","1.12399","-1.28","1.80219","2.2952",".9058","-8.13"
"MarineMax, Inc.","HZO","YES","0","Retail-Wholesale","51.49","29.71","32.78","122.19","22.03","12.14","5.48839","10.83","10.845","3.13779","1.9312","5.51"
"Marriot Vacations Worldwide Corporation","VAC","YES","0","Consumer Discretionary","172.63","16.13","2.2","-299.28","-33.73","22.19","4.20399","-.41","5.68739",".57646",".31663","-9.53"
"MasTec, Inc.","MTZ","YES","0","Construction","97.35","31.92","45.21","-17.71","-12","9.5","6.1166","7.08","9.7594","54.527","1.24469","5.11"
"Masimo Corporation","MASI","YES","0","Medical","234.51","-19.81","19.27","22.47","21.96","12.02","15.28699","12.8","19.114","2.31649",".69998","21.01"
"Masonite International Corporation","DOOR","YES","0","Construction","123.51","12.75","14.82","54.78","3.69","3.14","6.0679","7.67","7.8845","6.76669","1.1279","3.06"
"Matrix Service Company","MTRX","YES","0","Oils-Energy","13.755","15.59","-22.67","-16725.89","-22.29","-3.73","2.1772","-.86","3.85599","104.648","1.53009","-2.37"
"MaxLinear, Inc","MXL","YES","0","Computer and Technology","35.38","-12.26","-37.14","-395.49","50.89","-3.32","10.46899","1.95","12.493","3.9718",".56029","-20.6"
"Maxim Integrated Products, Inc.","MXIM","YES","0","Computer and Technology","96.71","1.12","8.19","-7.96","-5.31",".31","15.979","19.41","21.951","3.1473",".64016","30.66"
"Melco Resorts & Entertainment Limited","MLCO","YES","0","Consumer Discretionary","21.21","1.79","36.6","-442.41","-69.88","-6.54","1.30579","-17.1","1.753","48.416",".24921","-73.12"
"MercadoLibre, Inc.","MELI","YES","0","Retail-Wholesale","1547.79","-17.34","-60.79","99.59","73.04","40.28","3.9291","-.01","7.21999","45.805",".71675","-.02"
"Mercury Systems Inc","MRCY","YES","0","Computer and Technology","74.92","-22.14","36.7","28.2","21.67","28.97","5.3171","6.21","5.9857","2.48539",".48201","9.42"
"Meredith Corporation","MDP","YES","0","Consumer Staples","30.62","48.33","2.5","-260.07","-10.66","18.44","4.86679","4.57","8.3884","28.288",".51598","-3.01"
"Meridian Bioscience Inc.","VIVO","YES","0","Medical","27.15","39.57","5.04","267.16","26.19","5.07","12.23299","18.06","14.272","1.8961",".76314","23.44"
"Merit Medical Systems, Inc.","MMSI","YES","0","Medical","60.49","-.51","13.18","-280.57","-3.11","14.79","5.5567","5.49","6.6935","2.6284",".56698","-1.02"
"Meritor, Inc.","MTOR","YES","0","Auto-Tires-Trucks","29.49","-3.21","6.51","-1.25","-30.63","3.1","8.0767","2.59","22.891","5.62319","1.0182","7.82"
"MettlerToledo International, Inc.","MTD","YES","0","Computer and Technology","1210.22","-3.38","14.31","7.42","2.54","5.39","20.04299","22.16","33.284","4.34639","1.1071","19.54"
"Micron Technology, Inc.","MU","YES","0","Computer and Technology","93.49","14.86","61.53","39.18","-8.42","11.08","14.65999","7.23","17.46599","3.062",".44031","13.6"
"Mistras Group Inc","MG","YES","0","Computer and Technology","11.82","40.3","-28.33","-1741.27","-20.84","-1.22","4.906","-.95","6.32019","29.673","1.02369","-16.79"
"Modine Manufacturing Company","MOD","YES","0","Auto-Tires-Trucks","15.25","11.18","5.5","-1974.07","-10.72","8.17","4.2086","3.43","7.4295","7.3189","1.2036","-11.46"
"Mohawk Industries, Inc.","MHK","YES","0","Consumer Discretionary","200.68","31.47","-8.9","-30.72","-4.2","2.65","7.14389","4.61","10.475","3.6184",".69802","5.4"
"Molson Coors Beverage Company","TAP","YES","0","Consumer Staples","52.41","7.52","6.32","-492.64","-9.88","19.32","3.38529","3.01","4.36859","8.909",".4146","-8.09"
"Monarch Casino & Resort, Inc.","MCRI","YES","0","Consumer Discretionary","64.74","-4.45",".91","-25.58","-25.99","-.25","7.30859","3.85","8.47169","11.663",".29949","12.84"
"Monster Beverage Corporation","MNST","YES","0","Consumer Staples","93.73","-6.94","17.94","27.24","9.47","11.05","19.90399","22.65","24.68899","5.576",".83704","30.65"
"Motorcar Parts of America, Inc.","MPAA","YES","0","Auto-Tires-Trucks","22.97","6.43","-9.13","446.55","13.33","8.26","6.35279","3.8","11.894","1.618",".67194","2.38"
"Myriad Genetics, Inc.","MYGN","YES","0","Medical","30.5","45.88","-18.53","-777.86","-24.97","-2.79","5.31589","-4.62","6.6967","6.2711",".38988","-41.29"
"NAPCO Security Technologies, Inc.","NSSC","YES","0","Industrial Products","35.74","30.08","21.93","-50.66","-1.53","5.81","11.295","8.61","13.58699","1.73489",".94451","7.26"
"NCR Corporation","NCR","YES","0","Computer and Technology","39.33","-3.92","-7.94","-117.53","-10.24",".57","5.40089","2.47","9.3563","6.50869",".65776","-1.37"
"NETGEAR, Inc.","NTGR","YES","0","Computer and Technology","41.25","-5.4","-24.98","126.02","25.68","-5.33","5.62839","5.91","8.51729","5.45429","1.27349","4.64"
"NEXTGEN HEALTHCARE, INC","NXGN","YES","0","Medical","18.66","-5.57","-2.94","-62.64","2.09","2.09","7.6441","7.38","10.692","14495.62402",".77922","1.07"
"NN, Inc.","NNBR","YES","0","Industrial Products","7.06","5.29","-33.05","-123.64","-49.55","-1.9","2.28279",".46","2.81019","3.7532",".51109","-17.26"
"National Beverage Corp.","FIZZ","YES","0","Consumer Staples","48.63","5.52","15.03","42.82","-1.35","7.98","28.183","26.25","41.16099","9.81499","1.646","15.95"
"National Vision Holdings, Inc.","EYE","YES","0","Medical","46.79","-7.69","-18.83","10.6","-.73","6.74","2.45239","3","3.2939","6.67759",".75418","2.12"
"Natural Gas Services Group, Inc.","NGS","YES","0","Oils-Energy","9.1","-10.03","-47.1","113.89","-13.24","-1.51",".73035","-1.01",".91167","1.962",".22405","2.66"
"Natus Medical Incorporated","NTUS","YES","0","Medical","25.47","19.96","-19.22","-86.93","-16.11","4.28","6.984","2.13","8.91839","2.5355",".67438","-4"
"Nautilus Group, Inc. The","NLS","YES","0","Retail-Wholesale","16.34","-18","5.44","163.23","78.66",".48","6.90969","31.36","11.74199","9.1786","2.196","10.83"
"Navigator Holdings Ltd.","NVGS","YES","0","Transportation","9.14","-22.7","-46.83","96.1","10.32","1.25",".67577",".37",".74764","19.52899",".18005","-.2"
"Navistar International Corporation","NAV","YES","0","Auto-Tires-Trucks","44.11","-7.62","-22.64","-325.29","-33.31","2.19","2.0064",".74","54.42399","7.04629","1.1561","-5.24"
"NeoGenomics, Inc.","NEO","YES","0","Medical","48.81","-15.64","6.47","-47.89","8.71","22.3","1.9426","1.01","2.2783","11.232",".49035",".94"
"Neogen Corporation","NEOG","YES","0","Medical","89.34","4.52","10.33","4.29",".96","6.24","8.8837","7.35","9.81849","2.5078",".5383","13.66"
"Net 1 UEPS Technologies, Inc.","UEPS","YES","0","Industrial Products","6.17","11.2","-47.97","48.69","-60.34","-24.43","-5.2611","-28.1","-9.5343","5.24779",".28597","-81.31"
"NetScout Systems, Inc.","NTCT","YES","0","Computer and Technology","28.72","-2.15","-9.23","67.21","-1.99","-6.14","2.9102","2.84","3.74259","9.0338",".27303","1.8"
"New Gold Inc.","NGD","YES","0","Basic Materials","1.76","-30.6","-31","-7.76","2.03","-3.6","-.03275",".78","-.05248","3.46569",".26118","-12.31"
"New Oriental Education & Technology Group, Inc.","EDU","YES","0","Consumer Discretionary","14.74","-29.16","13.15","-5.86","15.57","25.16","8.27439","5.06","14.91499","54.25999",".47933","10.55"
"Nokia Corporation","NOK","YES","0","Computer and Technology","4","-4.59","-2.49","-33154.12","-4.36","4.02","3.44009","3.87","6.8694","5.1798",".57533","-11.59"
"Nomad Foods Limited","NOMD","YES","0","Consumer Staples","28.03",".91","13.09","48.87","10.38","8.56","3.8589","4.6","5.3315","5.61789",".44077","8.96"
"Nordstrom, Inc.","JWN","YES","0","Retail-Wholesale","37.23","8.69","-5.86","-238.83","-30.98","-3.3","4.72569","-5.53","10.689","4.55229","1.10309","-6.44"
"Norwegian Cruise Line Holdings Ltd.","NCLH","YES","0","Consumer Discretionary","31.08","7.61","15.24","-531.35","-80.19","-6.52","4.2104","-12.61","5.4639","20.434",".07335","-313.5"
"Nova Measuring Instruments Ltd.","NVMI","YES","0","Computer and Technology","98.17","28.56","16.54","36.21","19.78","11.15","14.906","11","18.51899","2.02419",".55563","17.78"
"Novanta Inc.","NOVT","YES","0","Computer and Technology","135.81","6.33","20.03","9.19","-5.67","13.57","9.0787","8.1","11.557","3.3452",".68963","7.54"
"NuVasive, Inc.","NUVA","YES","0","Medical","66.65","6.74","3.61","-156.95","-10.06","5.16","5.7673","2.5","7.3954","1.03489",".41117","-3.54"
"OI Glass, Inc.","OI","YES","0","Industrial Products","14.73","17.42","-7.56","162.16","-8.97","-.87","3.7853","2.11","5.95329","5.5732",".66598","4.07"
"ON Semiconductor Corporation","ON","YES","0","Computer and Technology","43.57","23.91","6.68","10.63","-4.76","9.37","7.48719","3.82","10.142","2.79229",".5701","4.46"
"ONESPAN INC","OSPN","YES","0","Computer and Technology","26.49","14.91","-13.45","-160.99","-15.27","5.5","5.3867","1.81","7.17869","4.09689",".57928","-2.48"
"ORTHOFIX MEDICAL INC.","OFIX","YES","0","Medical","42.92","-7.79","-19.07","108.84","-11.61","1.4","6.22329",".95","8.4776","1.2265",".7627",".62"
"OReilly Automotive, Inc.","ORLY","YES","0","Retail-Wholesale","514.26","3.61","20.45","25.97","14.33","6.78","14.656","14.93","31.51199","1.54739",".98891","15.1"
"OSI Systems, Inc.","OSIS","YES","0","Computer and Technology","96.85","-3.92","18.98","-19.37","-1.36","7.82","5.5303","6.92","9.43449","2.7576",".85882","5.71"
"Ollies Bargain Outlet Holdings, Inc.","OLLI","YES","0","Consumer Staples","89.29","1.15","32.19","71.97","28.45","18.04","8.35429","11.21","11.243","3.0587",".97468","13.42"
"Omnicell, Inc.","OMCL","YES","0","Medical","133.35","2.14","41.04","-47.51","-.54","10.24","4.46719","4.98","6.1886","4.4923",".59501","3.61"
"Onto Innovation Inc.","ONTO","YES","0","Computer and Technology","71.55","38.73","25.7","567.38","81.92","22","9.68029","6.68","11.522","1.56959",".38833","5.58"
"OraSure Technologies, Inc.","OSUR","YES","0","Medical","11.07","-2.67","-14.01","-189.59","11.07","5.98","6.0886","-3.38","6.9","2.4781",".41966","-8.69"
"Orion Engineered Carbons S.A","OEC","YES","0","Basic Materials","19.85","8.01",".48","-79.11","-23.03","3.16","8.4847","4.71","12.84799","5.9172",".85523","1.6"
"Orion Group Holdings, Inc.","ORN","YES","0","Construction","6.29","13.84","-33.04","477.31",".22","5.67","-.24784","3.69","-.13848","374.61898","1.8286","2.85"
"PBF Energy Inc.","PBF","YES","0","Oils-Energy","14.91","95.5","26.07","-535.81","-38.32","8.75","-.17905","-14.26","-.15021","10.26399","1.5154","-9.21"
"PC Connection, Inc.","CNXN","YES","0","Retail-Wholesale","46.45","-7.5","10.81","-32.09","-8.15",".2","7.821","5.81","11.95699","15.02299","2.6661","2.15"
"PFSweb, Inc.","PFSW","YES","0","Business Services","6.98","-4.47","-5.73","-153.06","16.49","-.67","1.15289","-1.47","2.2874","68.44999","1.74339","-1.61"
"PGT, Inc.","PGTI","YES","0","Construction","25.9","17.33","17.97","3.25","18.48","19.07","6.92929","5.52","8.07279","10.288",".84276","5.11"
"PQ Group Holdings Inc.","PQG","YES","0","Basic Materials","17.04","11.87","8.13","-342.59","-29.33","-1.69","2.55159","4.03","2.9618","3.671",".3443","-13.96"
"PVH Corp.","PVH","YES","0","Consumer Discretionary","104.08","2.32","-22.47","-372.25","-28.02",".71","4.5734","-1.07","6.4787","2.1991",".54764","-15.93"
"Pacific Gas & Electric Co.","PCG","YES","0","Utilities","11.44","-13.81","-.41","82.85","7.82",".53","2.63429","2.08","8.85239","19.575",".18974","-7.1"
"Pacira BioSciences, Inc.","PCRX","YES","0","Medical","67.49","6.04","184.01","1421.01","2.05","12.98",".78953","5.63",".86993","1.8082",".41091","33.87"
"Pampa Energia S.A.","PAM","YES","0","Utilities","15","-.67","5.54","-155.14","-62.24","11.86","3.12969","2.22","5.37249","5.04809",".35859","-18.98"
"Par Pacific Holdings, Inc.","PARR","YES","0","Oils-Energy","15.62","-2.49","7.51","-1102.44","-42.15","25.67",".11626","-11.53","-.27787","7.72189","1.4247","-13.09"
"Party City Holdco Inc.","PRTY","YES","0","Consumer Discretionary","6.17","-8.94","-16.15",".8","-21.21","-2.64","2.72519","-1.67","3.55679","2.3747",".61149","-28.54"
"Paycom Software, Inc.","PAYC","YES","0","Computer and Technology","377.98","-23.06","49.91","-20.56","14.07","29","6.5137","5.79","30.531","112.802",".36096","17.05"
"Penumbra, Inc.","PEN","YES","0","Medical","274.04","44.96","54.15","-132.4","2.38","24.64","1.73769",".9","2.13249","1.16859",".72834","-2.8"
"Perdoceo Education Corporation","PRDO","YES","0","Consumer Discretionary","12.24","-8.18","21.09","77.57","9.5","-2.1","13.284","17.11","19.364","191.466","1.0309","18.08"
"Performance Food Group Company","PFGC","YES","0","Retail-Wholesale","58.38","11.53","-2.63","-200.98","27.06","11.9","3.34419",".5","5.66949","14.852","3.4605","-.65"
"PetIQ, Inc.","PETQ","YES","0","Medical","36.18","-13.79","-25.58","-577.16","9.95","41.6","5.8255","1.48","6.8245","6.2655",".97697","-9.93"
"Photronics, Inc.","PLAB","YES","0","Computer and Technology","13.38","10.1","8.72","-9.39","10.72","6.07","2.8691","2.66","3.37069","8.36719",".50696","5.24"
"Pilgrims Pride Corporation","PPC","YES","0","Consumer Staples","24.26","13.76","-14.52","-79.22","5.98","10.74","8.807","3.63","12.70199","8.3407","1.64779",".78"
"Planet Fitness, Inc.","PLNT","YES","0","Consumer Discretionary","82.2","-5.37","-10.14","-112.74","-40.97","11.98","7.1974",".22","13.13399","36.03099",".22199","-3.69"
"Plantronics, Inc.","PLT","YES","0","Computer and Technology","38.54","36.47","-4.23","-327.93","1.34","21.7","5.98089","3.98","7.4196","6.1486",".73805","-44.19"
"Plexus Corp.","PLXS","YES","0","Computer and Technology","94.5","12.18","11.49","4.49","7.14","7.47","5.46619","5.72","9.85589","3.926","1.5061","3.64"
"Post Holdings, Inc.","POST","YES","0","Consumer Staples","109.17","-1.76","14.55","-117.5",".31","3.79","2.31279","1.53","2.79859","6.65189",".47056","-.3"
"Potbelly Corporation","PBPB","YES","0","Retail-Wholesale","6.13","29.37","-16.26","-172.55","-28.91","-3.39","1.4648","-14.6","-6.0119","27.89399",".9185","-22.45"
"Prestige Consumer Healthcare Inc.","PBH","YES","0","Consumer Discretionary","43.32","13.37","8.46","588.3","-1.31","3.1","4.08379","4.79","5.00479","3.4709",".27599","17.37"
"Pretium Resources, Inc.","PVG","YES","0","Basic Materials","11.27","-9.74","76.61","-193.94","27.46","15.31","3.78299","11.24","4.70349","17.472",".3905","-6.22"
"Proto Labs, Inc.","PRLB","YES","0","Industrial Products","119.19","-27.87","7.86","-20.09","-5.3","12.71","10.81999","7.15","12.11499","20.361",".61035","11.71"
"QIAGEN N.V.","QGEN","YES","0","Medical","49.97","-13.47","12.5","965.87","22.53","6.26","6.4808","9.08","8.16219","2.77839",".33761","19.2"
"Qorvo, Inc.","QRVO","YES","0","Computer and Technology","194.98","9.86","16.02","40.47","4.82","5.1","9.8478","13.04","10.95699","4.08489",".52709","13.01"
"Quad Graphics, Inc","QUAD","YES","0","Industrial Products","3.83","-11.75","-26.18","17.91","-25.33","-6.14","2.49469",".69","4.2546","12.50399","1.37849","-4.38"
"Quidel Corporation","QDEL","YES","0","Medical","130.21","-32.22","194.96","1011.18","210.66","48.13","11.59399","67.38","18.38999","3.47239","1.3135","48.76"
"Qurate Retail Group, Inc.","QRTEA","YES","0","Retail-Wholesale","11.75","-2.1","6.87","364.04","5.34","9.66","5.0706","7.51","7.60659","6.73379",".8464","8.49"
"R.R. Donnelley & Sons Company","RRD","YES","0","Business Services","4.25","74.43","-27.25","205.69","-24.06","-13.98","2.19549","2.8","4.49359","12.281","1.549","1.93"
"RBC Bearings Incorporated","ROLL","YES","0","Industrial Products","198.34","3.02","11.64","-20.44","3.55","3.37","8.55049","7.47","9.78279","1.0426",".46588","15.51"
"REV Group, Inc.","REVG","YES","0","Transportation","18.49","104.81","-57.39","-197.22","-5.25","3.5","3.8938","1.14","5.97819","3.6788","1.6897","-.93"
"RF Industries, Ltd.","RFIL","YES","0","Computer and Technology","6.6","23.25","14.7","-117.54","-22.2","13.44","4.92339","-.77","6.0247","3.3059","1.00469","-1.26"
"RH","RH","YES","0","Retail-Wholesale","607.47","22.04","77.93","23.34","7.6","5.42","8.2704","17.61","15.97399","3.0113","1.08379","9.54"
"Radware Ltd.","RDWR","YES","0","Computer and Technology","26.97","-11.31","34.57","-57.3","-.81","6.33","1.6432","2.68","2.4978","3.2097",".40812","3.85"
"Ralph Lauren Corporation","RL","YES","0","Consumer Discretionary","123.7","9.48","-17.92","-144.52","-2.43","-7.03","7.5328",".62","11.876","2.10269",".5672","-6.75"
"Rambus, Inc.","RMBS","YES","0","Computer and Technology","20.41","8.3","-90.53","51.77","8.36","-7.68","3.6205","-.09","4.07819","4.8515",".18684","-17.97"
"Raven Industries, Inc.","RAVN","YES","0","Conglomerates","39.57","6.92","14.22","-46.37","-8.93","7.79","9.90929","6.78","11.725","4.48159",".83575","5.42"
"Rayonier Advanced Materials Inc.","RYAM","YES","0","Basic Materials","9.77","36.18","-8.74","104.55","-2.03","22.99","1.8047","-.48","2.68589","6.30789",".70146",".06"
"Red Robin Gourmet Burgers, Inc.","RRGB","YES","0","Retail-Wholesale","37.23","73.15","-27.08","-3393.21","-33.94","-4.69","-.04051","-15.59","-2.84271","32.414",".83516","-31.78"
"Red Rock Resorts, Inc.","RRR","YES","0","Consumer Discretionary","34.15","24.4","-29.87","-4388.12","-36.31","1.11","2.04959","-.14","2.31189","34.671",".28709","-12.72"
"Regeneron Pharmaceuticals, Inc.","REGN","YES","0","Medical","478.68","-7.62","34.9","66.05","8.06","15.48","18.457","20.86","24.106",".65491",".5358","41.35"
"Regis Corporation","RGS","YES","0","Retail-Wholesale","13.04","31.8","141.04","-401.33","-37.35","-23.02","1.7178","-7.2","2.6479","3.11509",".3273","-50.45"
"Renewable Energy Group, Inc.","REGI","YES","0","Oils-Energy","65.31","-17.58","25.73","-65.1","-19.09","8.04","6.5148","8.19","9.02919","10.35599","1.36059","6.02"
"Repligen Corporation","RGEN","YES","0","Medical","204.97","-3.67","33.03","179.88","35.53","35.83","5.27159","5.74","5.99259","2.0524",".23523","16.36"
"Ribbon Communications Inc.","RBBN","YES","0","Computer and Technology","8.25","15.98","82.11","168.11","49.85","32.1","-1.6743","6.05","-2.53391","6.32329",".57656","10.5"
"Rogers Corporation","ROG","YES","0","Computer and Technology","195.18","14.86","9.64","5.64","-10.65","6.76","8.24339","7.08","9.9586","4.3997",".5986","6.23"
"Ruths Hospitality Group, Inc.","RUTH","YES","0","Retail-Wholesale","24.37","26.03","-13.81","-159.93","-40.66","-.33","12.159","-2.21","22.871","29.75799",".50543","-9.11"
"Ryanair Holdings PLC","RYAAY","YES","0","Transportation","114.12","-3.69","1.39","-230.04","5.94","-2.8","8.5121","-5.3","12.321","422.1",".19122","-48.54"
"Ryerson Holding Corporation","RYI","YES","0","Basic Materials","16.19","13.11","13.3","-179.85","-22.99","9.32","1.54879","-.16","2.75659","4.51809","1.79849","-1.9"
"SEACOR Holdings, Inc.","CKH","YES","0","Oils-Energy","41.51","-10.16","-3.99","-12.93","-5.77","-2.23","-.50452","1.54","-.76179","150.95399",".4968","3.09"
"SMART Global Holdings, Inc.","SGH","YES","0","Computer and Technology","48.71","21.11","-42.34","-96.8","-7.39","6.37","12.34099","5.94","23.37599","5.68779","1.44009",".06"
"SPX Corporation","SPXC","YES","0","Auto-Tires-Trucks","60.26","1.51","42.25","37.09","2.24","-2.82","3.9272","5.67","11.604","6.1925",".69252","6.22"
"STAAR Surgical Company","STAA","YES","0","Medical","112.59","23.92","51.14","-57.91","8.84","19.57","4.18429","7.29","5.1483","2.5143",".71306","3.62"
"Sally Beauty Holdings, Inc.","SBH","YES","0","Retail-Wholesale","19.81","43.67","-2.33","-54.76","-9.34","-2.09","10.85299","4.74","15.75699","2.02589","1.1554","3.38"
"Sanmina Corporation","SANM","YES","0","Computer and Technology","42.11","24.14","4.47","5.27","-15.47","3.38","4.8705","4.86","10.06099","7.3586","1.6782","2.17"
"ScanSource, Inc.","SCSC","YES","0","Industrial Products","30.79","8.38","-5.09","-622.99","-21.31","-.15","3.8336","2.33","6.67889","5.3397","1.7345","-7.85"
"SeaWorld Entertainment, Inc.","SEAS","YES","0","Consumer Discretionary","50.97","49.84","36.94","-449.06","-69.12","-11.22","1.35109","-12.07","1.621","12.567",".16878","-72.33"
"Semtech Corporation","SMTC","YES","0","Computer and Technology","70.97","-7.93","4.52","52.84","8.69","2.23","7.0644","6.62","8.57359","2.89149",".56576","10.07"
"Sensata Technologies Holding N.V.","ST","YES","0","Computer and Technology","59.46","4.84","-.57","-41.89","-11.74",".62","7.9145","4.77","9.4663","4.4794",".41576","5.39"
"Shake Shack, Inc.","SHAK","YES","0","Retail-Wholesale","114.34","23.79","16.53","-312.63","-12.05","24.45","2.73779","-2.08","6.16069","180.07099",".47036","-8.06"
"Sierra Wireless, Inc.","SWIR","YES","0","Computer and Technology","15.42","-3.23","-31.63","30.06","-37.13","1.45",".15238","-8.8","-.04094","5.86829",".84745","-9.21"
"Signet Jewelers Limited","SIG","YES","0","Retail-Wholesale","57.98","99.21","-37.31","-116.02","-14.83","-4.28","5.589","2.09","9.62709","1.5898",".799","-.32"
"Silicon Laboratories, Inc.","SLAB","YES","0","Computer and Technology","147.32","8.32","4.34","-34.95","5.87","6.81","6.75939","4.27","7.90299","5.30109",".45289","1.41"
"Silver Standard Resources Inc.","SSRM","YES","0","Basic Materials","15.54","-30.43","19.72","141.02","40.58","11.2","4.4994","6.29","5.72399","1.29289",".25141","15.46"
"SiteOne Landscape Supply, Inc.","SITE","YES","0","Industrial Products","174.87","2.69","29.36","56.11","14.72","12.35","5.51749","7.02","8.32499","3.70989","1.5654","4.49"
"Six Flags Entertainment Corporation New","SIX","YES","0","Consumer Discretionary","47.48","26.98","22.31","-336.44","-76.03","-11.13","4.6427","-14.95","5.99189",".80786",".12591","-118.74"
"Skechers U.S.A., Inc.","SKX","YES","0","Consumer Discretionary","42.54","7.31","-7.76","-71.56","-11.93","8.94","8.7332","2","12.13899","2.3584",".82366","2.14"
"SkyWest, Inc.","SKYW","YES","0","Transportation","55.93","25.86","15.83","-102.5","-28.43","-4.95","3.43639","-.13","4.71479","8.7011",".31417","-.4"
"Skyline Corporation","SKY","YES","0","Construction","47.28","40.96","70.8","-7.03",".71","69.95","4.90969","7.4","7.50159","8.18459","1.57949","4.47"
"Sleep Number Corporation","SNBR","YES","0","Consumer Discretionary","133.14","49.78","34.43","70.06","9.32","8.95","12.25399","16.56","8.9649","8.5352","2.2083","7.5"
"Smart Sand, Inc.","SND","YES","0","Oils-Energy","2.51","36.02","-8.51","20.02","-47.51","35.39","7.81419",".78","10.11699","5.16179",".30913","31.02"
"SolarEdge Technologies, Inc.","SEDG","YES","0","Oils-Energy","277.25","-22.37","19.31","-4.25","2.36","36.17","15.118","7.16","24.34099","3.65619",".74498","9.62"
"Southwest Airlines Co.","LUV","YES","0","Transportation","64.1","24.44","3.05","-233.59","-59.66","-6.76","6.75449","-10.6","13.038","21.76",".27279","-33.97"
"Sportsmans Warehouse Holdings, Inc.","SPWH","YES","0","Retail-Wholesale","17.46","-8.05","13.14","352.04","63.78","10.51","6.7409","14.85","21.033","3.35409","2.1775","6.29"
"Sprouts Farmers Market, Inc.","SFM","YES","0","Retail-Wholesale","26.49","22.53","20.58","92.11","14.8","11.94","8.63","10.31","13.843","16.037","2.2683","4.44"
"Star Bulk Carriers Corp.","SBLK","YES","0","Transportation","14.36","48.33","-49.56","159.63","-15.6","40.01","-.81481",".51","-.95315","27.61199",".21515","1.39"
"Stellantis N.V.","STLA","YES","0","Auto-Tires-Trucks","18.18","-6.72","-2.97","-92.11","-18.3","-3.52","3.39039","2.09","9.47439","8.05449",".89901",".25"
"Stoneridge, Inc.","SRI","YES","0","Computer and Technology","30.92","-4.36","-19","-113.19","-22.33","1.42","7.565","-.13","11.72599","5.31829","1.0978","-1.23"
"Stratasys, Ltd.","SSYS","YES","0","Computer and Technology","25.31","13.18","1736.95","-3990.36","-18.12","-4.07","-.07682","-2.78","-.09751","1.94009",".45559","-85.2"
"Stride, Inc.","LRN","YES","0","Consumer Discretionary","32.93","40.53","24.48","55.65","2.46","6.38","3.3868","4.08","4.4313","33.59899","1.02149","3.99"
"Summit Materials, Inc.","SUM","YES","0","Construction","28.41","34.77","-11.18","133.58","4.96","10.71","2.68939","2.28","3.2541","7.25409",".55855","5.92"
"Sunrun Inc.","RUN","YES","0","Oils-Energy","56.22","-26.77","-36.99","-758.42","7.41","22.82","1.20309","-.19","1.9241","3.2009",".11304","-18.8"
"Superior Industries International, Inc.","SUP","YES","0","Auto-Tires-Trucks","5.9","30.62","-36.54","-152.17","-19.8","14.5","2.75929","-3.34","3.51649","6.7262",".96592","-22.13"
"Supernus Pharmaceuticals, Inc.","SUPN","YES","0","Medical","29.1","10.23","40.38","12.29","32.5","25.25","13.932","8.92","20.31299","1.3938",".3655","24.4"
"Surgalign Holdings, Inc.","SRGA","YES","0","Medical","2.15","-6.21","-1.62","83.95","-67.01","-2.01","-2.93401","-24.8","-13.882",".76025",".8769","-18.66"
"Surmodics, Inc.","SRDX","YES","0","Medical","57.59","23.28","-27.31","-89.1","-5.21","9.85","6.0451",".83","7.63899","2.6607",".57793",".74"
"Synalloy Corporation","SYNL","YES","0","Industrial Products","9.89","12.27","61.53","-798.39","-16.11","19.97","1.9311","-1.18","2.61649","2.54629","1.0829","-10.65"
"Synaptics Incorporated","SYNA","YES","0","Computer and Technology","139.18","34.88","4.1","1003.18","-9.39","-6","7.93959","10.55","10.357","7.7799",".76635","10.98"
"Synopsys, Inc.","SNPS","YES","0","Computer and Technology","257.36","-7.58","23.23","49.64","9.66","10.7","7.3337","9.32","11.86499","4.322",".49261","18.91"
"TAL Education Group","TAL","YES","0","Consumer Discretionary","58.45","-29.4","-16.86","-134.94","27.71","49.31","5.61149","-.53","9.96409","59.186",".56844","-.93"
"TMobile US, Inc.","TMUS","YES","0","Computer and Technology","131.43","-10.25","33.17","-11.65","52","11.44","3.2576","2.74","4.50489","15.63399",".41016","4.48"
"TPI Composites, Inc.","TPIC","YES","0","Industrial Products","57.9","1.23","-33.3","-21.13","16.26","21.64","2.96469","2.61",".5429","134.735","1.7802","-1.14"
"TTM Technologies, Inc.","TTMI","YES","0","Computer and Technology","14.95",".75","-11.02","357.97","-21.72","-.56","3.4109","-.5","4.69229","14.342",".63976","8.98"
"Tactile Systems Technology, Inc.","TCMD","YES","0","Medical","53.53","10.06","14.24","-105.65","-1.25","26.92","5.32119","5.93","6.63269","2.46429","1.19019","-.33"
"TakeTwo Interactive Software, Inc.","TTWO","YES","0","Consumer Discretionary","184","-18.71","43.98","45.55","15.76","22.13","9.46809","12.43","20.961","71.583",".59562","14.96"
"Tapestry, Inc.","TPR","YES","0","Retail-Wholesale","42.86","26.51","-7.09","-173.18","-17.68","4.71","9.788","4.23","14.121","2.0127",".58152","-9.22"
"Taro Pharmaceutical Industries Ltd.","TARO","YES","0","Medical","73.14","-5.91","-17.78","-221.81","-3.75","-10.34","13.923","6.83","15.647","1.5461",".2439","-52.59"
"Tata Motors Ltd","TTM","YES","0","Auto-Tires-Trucks","20.84","53","-69.18","-1240.08","-16.42","-2.6","1.2739","-8.4","2.3408","7.5152","1.4678","-6.99"
"Taylor Morrison Home Corporation","TMHC","YES","0","Construction","32.23","16.63","20.16","-4.4","28.71","13.84","4.202","5.26","4.809",".90723",".76241","3.97"
"TechnipFMC plc","FTI","YES","0","Oils-Energy","7.65","-23.08","-54.37","-44.55","-2.67","21.21","1.72239",".45","3.01629","8.41969",".66817","-25.19"
"Teekay Tankers Ltd.","TNK","YES","0","Transportation","14.26","19.3","4.98","111.1","-3.75","19.16","2.57119","7.4","2.9806","14.178",".42831","9.85"
"Teledyne Technologies Incorporated","TDY","YES","0","Aerospace","419.5","-1.09","19.06","-.1","-2.45","9.85","7.7789","8.18","10.17199","5.0602",".64144","13.02"
"Tenet Healthcare Corporation","THC","YES","0","Medical","51.3","17.11","36.07","271.98","-4.54","-3.03",".87186","1.95","1.21599","33.09099",".68261","2.26"
"Tenneco Inc.","TEN","YES","0","Auto-Tires-Trucks","10.68","-7.02","-12.72","-384.39","-11.87","19.33","4.8888","-.3","10.68299","7.5739","1.27409","-9.89"
"Teradata Corporation","TDC","YES","0","Computer and Technology","40.6","67.86","-29.67","637.5","-3.32","-6.09","5.9091","3.15","11.302","33.691",".85764","7.03"
"Terminix Global Holdings, Inc.","TMX","YES","0","Industrial Products","48.75","-12.24","-14.49","329.69","-5.58","-7.69","4.5079","2.45","6.61079","27.176",".37907","28.03"
"Teva Pharmaceutical Industries Ltd.","TEVA","YES","0","Medical","11.43","10.34","-18.86","-299.8","-1.35","-5.96","5.2416","5.13","7.40999","2.03369",".31626","-23.95"
"Texas Roadhouse, Inc.","TXRH","YES","0","Retail-Wholesale","98.73","14.19","-9.98","-82.08","-12.99","7.62","9.33469","1.44","13.43799","98.722","1.1028","1.3"
"The Boeing Company","BA","YES","0","Aerospace","255.17","11.6","-10.99","-1766.82","-24.04","-8.24","4.2803","-8.54","45.64699",".76766",".3756","-20.42"
"The Boston Beer Company, Inc.","SAM","YES","0","Consumer Staples","1225.3","12.19","15.31","74.44","38.93","12.93","13.74899","14.26","19.36499","7.5604","1.3865","10.87"
"The Cheesecake Factory Incorporated","CAKE","YES","0","Retail-Wholesale","58.05","45.52","-15.71","-195.16","-20.12",".34","7.1229","-2.85","14.154","44.826",".7135","-6.11"
"The Chefs Warehouse, Inc.","CHEF","YES","0","Consumer Staples","32","13.4","11.44","-442.67","-30.17","4.73","1.36969","-6.66","1.7359","8.47939","1.0719","-7.46"
"The Childrens Place, Inc.","PLCE","YES","0","Retail-Wholesale","69.98","28.1","-10.88","-291.49","-18.61","-1.36","9.52169","-1.21","22.57099","3.10419","1.29579","-9.22"
"The Gap, Inc.","GPS","YES","0","Retail-Wholesale","30.76","38.05","2.51","-289.46","-15.77","-1.29","7.4053","-5.46","13.442","3.76719","1.0116","-4.82"
"The Goodyear Tire & Rubber Company","GT","YES","0","Auto-Tires-Trucks","17.93","49.35","-34.94","-303.22","-16.44","-3.97","2.89549","-2.76","4.794","4.26359",".75569","-10.18"
"The Hain Celestial Group, Inc.","HAIN","YES","0","Consumer Staples","44","2.5","-16.37","116.12","-10.8","-8.66","4.13959","5.55","5.03859","5.79379",".94133","1.44"
"The Manitowoc Company, Inc.","MTW","YES","0","Industrial Products","21.21","44.42","-10.96","-140.99","-21.3","-6.09",".26758","-.77",".40893","2.28609",".90448","-1.32"
"The Michaels Companies, Inc.","MIK","YES","0","Retail-Wholesale","21.97","55.47","2.14","8.2","3.92","-.41","14.59899","8.46","34.31499","3.0766","1.2386","5.6"
"The Middleby Corporation","MIDD","YES","0","Industrial Products","164.92","16.77","6.55","-41.15","-15.08","7.15","8.36909","5.25","11.369","2.80029",".48065","8.25"
"The ODP Corporation","ODP","YES","0","Retail-Wholesale","43","35.17","-1.17","-422.22","-8.8","-5.38","3.4979","3.2","6.88079","7.84469","1.64419","-3.29"
"The Walt Disney Company","DIS","YES","0","Consumer Discretionary","189.73","-4.17","-17.71","-147.76","-6.01","6.04","7.81459",".75","11.222","27.707",".29725","-8.16"
"Thermon Group Holdings, Inc.","THR","YES","0","Computer and Technology","19.3","13.62","-1.24","-104.8","-7.07","8.33","4.1462","1.71","4.98029","2.40249",".46406","-.36"
"Tillys, Inc.","TLYS","YES","0","Retail-Wholesale","11.81","30.71","-4.47","-105.06","-14.2","-.04","4.5906","-.22","8.54609","6.04839","1.0254","-.22"
"Titan Machinery Inc.","TITN","YES","0","Retail-Wholesale","26.97","26.92","46.62","38.72","8.13","2.54",".32739","3.11","1.0519","2.1847","1.5532","1.37"
"TopBuild Corp.","BLD","YES","0","Construction","217","7.67","38.69","29.33","3.58","13","6.33799","8.93","8.99429","13.059","1.00059","9.09"
"Tower Semiconductor Ltd.","TSEM","YES","0","Computer and Technology","29.67","7.48","-22.92","-8.6","2.57","1.44","10.08899","4.19","13.69099","5.0826",".63103","6.5"
"TransAct Technologies Incorporated","TACT","YES","0","Computer and Technology","11.23","45.69","-12.65","-1191.09","-33.12","-9.82","7.26569","-15.17","9.25479","1.4636",".82411","-18.4"
"Transdigm Group Incorporated","TDG","YES","0","Aerospace","614.38","-10.14","10.39","-45.25","-2.3","15.17","6.29979","3.69","7.3828","1.8063",".26453","9.38"
"Trecora Resources","TREC","YES","0","Basic Materials","7.94","2.78","-49.9","308.25","-19.44","1.53","1.9289","-.22","2.3071","17.989",".64221","14.95"
"TreeHouse Foods, Inc.","THS","YES","0","Consumer Staples","53.25","15","-5.18","103.82","1.42","-3.51","2.4284","2.9","3.0708","5.8397",".81361",".32"
"Trex Company, Inc.","TREX","YES","0","Construction","96.35","4.36","27.85","21.34","18.18","15.19","29.02","25.87","46.19599","9.13949","1.26259","19.94"
"TriMas Corporation","TRS","YES","0","Industrial Products","31.13","-9.9","6.94","-180.88","6.42",".18","6.2265","5.77","7.53959","4.1019",".64503","-10.36"
"Trimble Inc.","TRMB","YES","0","Computer and Technology","82.92","15.52","17.55","-24.19","-3.57","9.01","7.5629","7.36","10.16199","4.3322",".46889","12.39"
"Trinity Biotech PLC","TRIB","YES","0","Medical","3.92","1.05","19.42","77.91","12.77","-2.27","1.54229","11.83","2.07069","1.723",".7782","-6.26"
"Triumph Group, Inc.","TGI","YES","0","Aerospace","18.06","33.76","-29.3","-197.37","-13.81","-8.57","4.10879","1.07","9.83619","3.6533",".8234","-21.66"
"Tucows Inc.","TCX","YES","0","Computer and Technology","79.64","-.15","-3.71","-62.5","-7.69","14.67","5.5861","1.98","17.50799","138.222",".70056","1.86"
"Tupperware Brands Corporation","TUP","YES","0","Consumer Staples","26.4","-25.15","-26.95","804.84","-3.21","-6.85","12.137","9.57","54.442","2.5494","1.4203","6.45"
"Turquoise Hill Resources Ltd.","TRQ","YES","0","Basic Materials","17.48","28.3","16.89","384.94","-7.53","-5.14","2.61059","3.28","2.75169","3.51719",".08251","39.76"
"Turtle Beach Corporation","HEAR","YES","0","Computer and Technology","27.76","17.37","-12.29","115.93","53.45","16.9","10.708","22.54","-16.029","3.85199","2.24629","10.76"
"U S Concrete, Inc.","USCR","YES","0","Construction","65.01","62.42","-25.52","71.14","-7.64","6.66","2.91429","1.58","4.22629","15.652",".84438","1.87"
"US Foods Holding Corp.","USFD","YES","0","Consumer Staples","38.68","5.55","-12.63","-158.7","-11.77","1.46","3.52719",".27","5.0082","14.343","1.80439","-.99"
"USA Truck, Inc.","USAK","YES","0","Transportation","18.3","111.44","9.21","201.02","5.45","5.06",".39746","1.74",".62396","316.755","1.58749",".86"
"USANA Health Sciences, Inc.","USNA","YES","0","Medical","99.35","18.74","8.42","24.01","6.95","3.46","21.214","22.62","30.072","2.8046","2.0589","10.99"
"Ulta Beauty Inc.","ULTA","YES","0","Retail-Wholesale","315.47","2.57","3.67","-75.09","-16.84","10.48","15.338","5.04","28.46999","3.1621","1.17239","2.86"
"Ultra Clean Holdings, Inc.","UCTT","YES","0","Computer and Technology","58.205","92.23","49.46","929.92","31.17","24.03","8.4019","9.63","12.16899","6.01109","1.2861","5.55"
"Ultralife Corporation","ULBI","YES","0","Computer and Technology","8.16","15.31","29.65",".52",".86","7.88","8.55119","4.75","10.19499","2.7327",".77351","4.86"
"Under Armour, Inc.","UA","YES","0","Consumer Discretionary","19.1","16.87","-23.81","-696.03","-15.05","1","2.94539","-2.43","3.91939","2.26279",".90694","-12.27"
"Under Armour, Inc.","UAA","YES","0","Consumer Discretionary","23.26","23.22","-20.02","-696.03","-15.05","1","2.9354","-2.43","3.90799","2.26279",".90694","-12.27"
"Unifi, Inc.","UFI","YES","0","Industrial Products","28.98","49.17","-51.63","-1504.06","-14.43","-.52","3.0982","-.87","3.6728","4.57569","1.1102","-8.99"
"Unisys Corporation","UIS","YES","0","Computer and Technology","25.49","21.27","-12.66","4464.53","-31.28","-3.86","5.8715","2.85","-24.939","116.25599",".77293","37.05"
"United Airlines Holdings Inc","UAL","YES","0","Transportation","59.48","26.27","2.14","-334.93","-64.5","-6.08","3.70029","-13.47","7.4523","6.17659",".26857","-46.04"
"United Natural Foods, Inc.","UNFI","YES","0","Consumer Staples","34.67","109.59",".28","158.6","23.97","35.39","3.42309","3.12","5.0927","10.394","3.53159",".74"
"United Rentals, Inc.","URI","YES","0","Construction","325.43","31.67","24.6","-24.19","-8.78","12.91","7.2526","7.01","9.6833","47.00699",".47034","10.43"
"United States Cellular Corporation","USM","YES","0","Computer and Technology","36.52","13.09","38.66","81.75",".37",".57","1.43379","2.57","1.9377","10.86699",".45333","5.67"
"United Therapeutics Corporation","UTHR","YES","0","Medical","191.65","16.96","-5.54","592.63","2.38","-2.4","15.722","11.92","19.62899","1.2143",".34352","34.71"
"Univar Solutions Inc.","UNVR","YES","0","Basic Materials","22.45","8.48","31.15","152.79","-11","1.63","3.0438","3.25","4.4668","8.51329","1.26909",".64"
"Universal Electronics Inc.","UEIC","YES","0","Computer and Technology","56.94","-.27","-18.94","962.59","-18.42","1.34","4.6405","7.42","8.7995","3.41799","1.18229","6.28"
"Urban Outfitters, Inc.","URBN","YES","0","Retail-Wholesale","37.225","31.4","-33.51","-99.26","-13.41","1.33","8.8294",".35","13.93799","6.609",".99571",".04"
"VAREX IMAGING","VREX","YES","0","Medical","21.73","22.59","-46.84","-605.69","-5.42",".86","4.39219","-.17","5.43879","1.91129",".63862","-8.7"
"VOXX International Corporation","VOXX","YES","0","Computer and Technology","19.76","43.72","-10.81","89.14","-11.62","-12.65","-.56477","3.88","-.69081","3.04509","1.00429","-.89"
"Vaalco Energy Inc","EGY","YES","0","Oils-Energy","2.36","20.73","58.6","-1979.87","-20.52","5.06","10.168","6.08","32.05899","15.86999",".45311","-71.72"
"Vail Resorts, Inc.","MTN","YES","0","Consumer Discretionary","304.51","-1.51","-2.35","-102.32","-13.55","4.41","5.3723",".01","7.55579","9.8645",".28749","-.44"
"Vanda Pharmaceuticals Inc.","VNDA","YES","0","Medical","15.75","11.03","194.08","-79.8","9.23","16.06","3.84549","4.57","3.12479","17.613",".48552","9.4"
"Varian Medical Systems, Inc.","VAR","YES","0","Medical","176.98","-6.92","-.49","-5.99","-1.76","1.02","11.03899","8.04","22.957","3.0513",".70121","8.91"
"Vera Bradley, Inc.","VRA","YES","0","Retail-Wholesale","10.75","20.92","-3.88","-45.9","-5.44","-1.25","5.9741","3.94","7.87979","1.46899",".87184","1.85"
"Verint Systems Inc.","VRNT","YES","0","Computer and Technology","46.85","-37.06","12.53","-125.33","-2.3","4.9","5.07189","5.63","7.03359","18.943",".39855","-.57"
"Veritiv Corporation","VRTV","YES","0","Basic Materials","45.63","101.01","-18.74","215.93","-17.15","-4.59","1.0756","2.52","2.01729","10.26299","2.67379",".54"
"Vermilion Energy Inc.","VET","YES","0","Oils-Energy","7.04","47.17","56.72","-4696.02","-34.37","12.94",".54263","-5.45",".74852","36.49",".26671","-134.94"
"Vertex Pharmaceuticals Incorporated","VRTX","YES","0","Medical","215.3","-16.08","162.16","130.42","49.07","35.76","10.60299","22.62","13.72","3.1582",".58872","43.7"
"Viad Corp","VVI","YES","0","Business Services","43.28","11.44","8.54","-1485.57","-69.71","-6.81","3.1577","-12.01","6.3663","34.491",".43127","-69.77"
"Viavi Solutions Inc.","VIAV","YES","0","Computer and Technology","16.09","-.42","25.59","-29.18",".53","7.17","5.16699","7.15","7.34119","5.28049",".60729","2.72"
"Vicor Corporation","VICR","YES","0","Computer and Technology","85.05","-13.13","-11.89","27.04","12.78","9.06","4.01149","5.13","4.76999","2.9432",".8499","6.04"
"Vipshop Holdings Limited","VIPS","YES","0","Computer and Technology","31.5","-2.42","14.7","50.27","16.86","15.76","8.83409","10.47","19.309","13.515","1.9924","5.82"
"Vishay Precision Group, Inc.","VPG","YES","0","Computer and Technology","31.61","-8.24","20.97","-51.38","-4.98","5.3","5.782","4.62","7.8147","2.55159",".69897","4"
"Vista Outdoor Inc.","VSTO","YES","0","Consumer Discretionary","32.69","26.84","-35.2","192.46","-14.7","-7.01","2.6691","11.43","3.6967","4.4853","1.43229","2.81"
"Visteon Corporation","VC","YES","0","Auto-Tires-Trucks","126.86","-5.83","-28.91","-180","-13.48","-4.78","6.0053","1.13","12.90999","13.331","1.10269","-2.2"
"Vonage Holdings Corp.","VG","YES","0","Computer and Technology","12.47","-12.58","-11.79","-85.87","4.93","7.19","6.209","3.21","7.7252","748.763",".91101","-2.9"
"WESCO International, Inc.","WCC","YES","0","Computer and Technology","87.38","4.6","8.34","-55","47.46","6.82","4.1212","2.66","5.86129","5.10069","1.21109",".82"
"WW International, Inc.","WW","YES","0","Consumer Discretionary","32.4","22.12","23.15","-37.23","-2.49","5.41","8.81229","7.88","15.314","16.89999",".90556","5.45"
"Waters Corporation","WAT","YES","0","Computer and Technology","302.23","10.06","8.96","-11.93","-1.71","2.7","15.74199","20.86","23.44899","3.05229",".87331","22.05"
"Welbilt, Inc.","WBT","YES","0","Industrial Products","15.85","12.27","-21.2","-113.24","-27.64","-1.97","4.94969","1.07","6.8193","3.80299",".53512","-.64"
"Western Digital Corporation","WDC","YES","0","Computer and Technology","72.82","19.8","-30.33","114","1.01","1.92","6.7392","3.01","8.6141","3.7809",".63949","1.02"
"Wynn Resorts, Limited","WYNN","YES","0","Consumer Discretionary","136.37","7","8.35","-1780.89","-68.3","-1.79","1.39429","-14.37","1.6512","22.43",".14709","-98.64"
"Xilinx, Inc.","XLNX","YES","0","Computer and Technology","130.4","-15.07","11.63","-29.05","3.39","9.17","14.901","14","19.964","3.19589",".56893","20.34"
"YPF Sociedad Anonima","YPF","YES","0","Oils-Energy","4.38","-18.67","37.95","-54.92","-18.08","-5.8",".48769","-4.7",".78842","6.20179",".38576","-11.55"
"Yandex N.V.","YNDX","YES","0","Computer and Technology","64.37","-14.3","19.3","58","4.32","27.64","8.87959","4.42","10.64799","71.30599",".46577","10.94"
"ZTO Express Cayman Inc.","ZTO","YES","0","Transportation","29.6","-7.86","15.73","-22.57","21.67","23.99","11.715","8.59","13.854","365.56698",".47512","17.08"
"Zebra Technologies Corporation","ZBRA","YES","0","Industrial Products","491.16","18.1","26.07","-7.35","-.82","6.07","10.34599","13.01","15.26","5.0128",".90008","11.33"
"Zumiez Inc.","ZUMZ","YES","0","Retail-Wholesale","43.79","8.44","33.32","13.97","-4.2","5.3","6.53999","8.25","10.47","4.5893","1.05089","7.69"
"Zynex Inc.","ZYXI","YES","0","Medical","15.29","5.25","49.71","-4.39","76.2","50.56","50.54","17.53","143.71","3.07","1.55","11.33"
"e.l.f. Beauty Inc.","ELF","YES","0","Consumer Staples","27.02","-1.24","-2.78","1801.93","5.76","4.76","4.64109","4.1","5.7726","1.80139",".64221","1.97"
"ePlus inc.","PLUS","YES","0","Computer and Technology","99.69","5.17","12.31","1.7","15.72","5.27","7.72469","6.98","15.19799","16.002","1.53139","4.56"
"iRobot Corporation","IRBT","YES","0","Industrial Products","122.65","42.09","16.59","72.41","17.82","19.5","9.9847","8.97","13.201","4.4703","1.41369","10.28"
"lululemon athletica inc.","LULU","YES","0","Consumer Discretionary","308.52","-20.93","25.7","-8.78","10.62","17.17","20.65399","16.92","28.14599","2.8531","1.2136","13.38"
